,Unnamed: 0,Product_Name,Original_Price(in Rs),Discount_Price(in Rs),Power_consumption(Watts),Capacity,Reviews,Rating,Brand,Energy_consumption
0,0,Voltas 1.5 Ton 5 Star Split Inverter AC  - White,75990.0,39490,751,1.5,"16,559 Ratings & 1,553 Reviews",4.2,Voltas,5.0
1,1,"LG Convertible 5-in-1 Cooling 2023 Model 1.5 Ton 3 Star Split Dual Inverter 2 Way Swing, HD Filter wit...",78990.0,35990,852,1.5,"1,731 Ratings & 209 Reviews",4.2,LG,3.0
2,2,Lloyd 1.2 Ton 3 Star Split Inverter AC  - White,54990.0,30490,854,1.2,"4,805 Ratings & 874 Reviews",4.2,Lloyd,3.0
3,3,"LG AI Convertible 6-in-1 Cooling 2023 Model 1.5 Ton 3 Star Split AI Dual Inverter 2 Way Swing, HD Filt...",68990.0,35990,968,1.5,"4,830 Ratings & 458 Reviews",4.1,LG,3.0
4,4,Daikin 1.5 Ton 3 Star Split Inverter AC  - White,58400.0,36999,967,1.5,724 Ratings & 57 Reviews,4.0,Daikin,3.0
5,5,Lloyd 0.8 Ton 3 Star Split Inverter AC  - White,47990.0,26999,549,0.8,"4,805 Ratings & 874 Reviews",4.2,Lloyd,3.0
6,6,"Blue Star Convertible 5 in 1 Cooling 2023 Model 1.5 Ton 3 Star Split Inverter Multi Sensors, Stabalize...",62250.0,35990,1002,1.5,"13,188 Ratings & 1,434 Reviews",4.2,Blue,3.0
7,7,"LG AI Convertible 6-in-1 Cooling 2023 Model 1.5 Ton 5 Star Split AI Dual Inverter 4 Way Swing, HD Filt...",75990.0,44490,685,1.5,"9,269 Ratings & 920 Reviews",4.1,LG,5.0
8,8,realme TechLife 2023 Range 1 Ton 4 Star Split Inverter 4-in-1 Convertible with Flexi-Control Technolog...,48999.0,27499,965,1.0,"1,706 Ratings & 236 Reviews",4.0,realme,4.0
9,9,"Blue Star Convertible 5 in 1 Cooling 2023 Model 1.5 Ton 5 Star Split Inverter Multi Sensors, Stabalize...",73000.0,43980,770,1.5,"13,188 Ratings & 1,434 Reviews",4.2,Blue,5.0
10,10,MarQ by Flipkart 2023 Range 1.5 Ton 3 Star Split Inverter 4-in-1 Convertible with Turbo Cool Technolog...,52999.0,28999,1620,1.5,743 Ratings & 113 Reviews,4.0,MarQ,3.0
11,11,Panasonic Convertible 7-in-1 with Additional AI Mode Cooling 2023 Model 1.5 Ton 5 Star Split Inverter ...,63400.0,44490,774,1.5,"16,011 Ratings & 1,910 Reviews",4.3,Panasonic,5.0
12,12,"LG Convertible 6-in-1 Cooling 2023 Model 1.5 Ton 4 Star Split Dual Inverter 4 Way Swing, HD Filter wit...",81990.0,39990,837,1.5,"9,269 Ratings & 920 Reviews",4.1,LG,4.0
13,13,Godrej 5-in-1 Convertible Cooling 2023 Model 1.5 Ton 3 Star Split Inverter i-sense Technology with Blu...,46900.0,31999,980,1.5,"2,237 Ratings & 216 Reviews",4.0,Godrej,3.0
14,14,Panasonic Convertible 7-in-1 with Additional AI Mode Cooling 2023 Model 1.5 Ton 3 Star Split Inverter ...,55400.0,36490,1002,1.5,"16,011 Ratings & 1,910 Reviews",4.3,Panasonic,3.0
15,15,SAMSUNG Convertible 5-in-1 Cooling 2023 Model 1 Ton 3 Star Split Inverter AC  - White,50990.0,31499,624,1.0,"5,037 Ratings & 454 Reviews",4.1,SAMSUNG,3.0
16,16,Whirlpool Convertible 4-in-1 Cooling 2023 Model 1 Ton 3 Star Split Inverter 6th Sense Technology AC  -...,57700.0,29990,1070,1.0,"3,533 Ratings & 293 Reviews",3.9,Whirlpool,3.0
17,17,SAMSUNG Convertible 5-in-1 Cooling 2023 Model 1.5 Ton 3 Star Split Inverter AC  - White,60990.0,35490,977,1.5,"5,037 Ratings & 454 Reviews",4.1,SAMSUNG,3.0
18,18,Lloyd 1.5 Ton 3 Star Split Inverter AC  - White,59990.0,32790,1002,1.5,"2,293 Ratings & 443 Reviews",4.3,Lloyd,3.0
19,19,MarQ by Flipkart 2023 Range 1.5 Ton 3 Star Split Inverter 4-in-1 Convertible with Turbo Cool Technolog...,50999.0,29999,1660,1.5,"3,180 Ratings & 374 Reviews",4.1,MarQ,3.0
20,20,Whirlpool Convertible 4-in-1 Cooling 2023 Model 1.5 Ton 5 Star Split Inverter 6th Sense Technology AC ...,70600.0,38990,1260,1.5,"3,533 Ratings & 293 Reviews",3.9,Whirlpool,5.0
21,21,Voltas 1.5 Ton 3 Star Split Inverter AC  - White,40100.0,33380,975,1.5,78 Ratings & 11 Reviews,4.0,Voltas,3.0
22,22,Lloyd 1.5 Ton 4 Star Split Inverter AC  - White,63990.0,36499,863,1.5,"4,805 Ratings & 874 Reviews",4.2,Lloyd,4.0
23,23,Hitachi Ice Clean Frost Wash Technology 2023 Model 1.5 Ton 3 Star Split Inverter Xpandable plus Ambien...,63100.0,37490,1024,1.5,"1,378 Ratings & 112 Reviews",3.9,Hitachi,3.0
24,24,SAMSUNG Convertible 5-in-1 Cooling 2023 Model 1 Ton 3 Star Split Inverter AC with Wi-fi Connect  - Whi...,50990.0,32990,624,1.0,"1,185 Ratings & 108 Reviews",4.0,SAMSUNG,3.0
25,25,CARRIER 0.8 Ton 3 Star Split Inverter Cold Catalyst Filter with Auto cleanser(2023 Model) AC  - White,55690.0,26999,526,0.8,"7,406 Ratings & 741 Reviews",4.1,CARRIER,3.0
26,26,Godrej 5-in-1 Convertible Cooling 2023 Model 1.5 Ton 5 Star Split Inverter i-sense Technology with Blu...,54900.0,36999,744,1.5,556 Ratings & 74 Reviews,4.0,Godrej,5.0
27,27,Godrej 5-in-1 Convertible Cooling 2023 Model 1 Ton 3 Star Split Inverter i-sense Technology with Blue ...,42900.0,28999,694,1.0,"1,113 Ratings & 114 Reviews",4.0,Godrej,3.0
28,28,Whirlpool Convertible 4-in-1 Cooling 2023 Model 1.5 Ton 3 Star Split Inverter 6th Sense Technology AC ...,62000.0,32790,963,1.5,"2,903 Ratings & 261 Reviews",3.9,Whirlpool,3.0
29,29,realme TechLife 2023 Range 1 Ton 5 Star Split Inverter 4-in-1 Convertible with Flexi-Control Technolog...,50999.0,29490,840,1.0,"1,706 Ratings & 236 Reviews",4.0,realme,5.0
30,30,Voltas 1.5 Ton 3 Star Split Inverter AC  - White,64990.0,32990,975,1.5,"4,258 Ratings & 402 Reviews",4.2,Voltas,3.0
31,31,SAMSUNG Convertible 5-in-1 Cooling 2023 Model 1.5 Ton 5 Star Split Inverter AC  - White,72990.0,42500,749,1.5,"5,037 Ratings & 454 Reviews",4.1,SAMSUNG,5.0
32,32,Godrej 5-in-1 Convertible Cooling 2023 Model 1.5 Ton 4 Star Split Inverter with 4 Way Swing and Tri Fi...,49990.0,33490,1415,1.5,"2,237 Ratings & 216 Reviews",4.0,Godrej,4.0
33,33,realme TechLife 2023 Range 1.5 Ton 4 Star Split Inverter 4-in-1 Convertible with Flexi-Control Technol...,54999.0,30490,1350,1.5,"1,706 Ratings & 236 Reviews",4.0,realme,4.0
34,34,CARRIER Convertible 4-in-1 Cooling 2023 Model 1 Ton 3 Star Split AI Flexicool Inverter Dual Filtration...,56990.0,30990,1055,1.0,"7,406 Ratings & 741 Reviews",4.1,CARRIER,3.0
35,35,MarQ by Flipkart 2023 Range 1.5 Ton 5 Star Split Inverter 4-in-1 Convertible with Turbo Cool Technolog...,57999.0,32999,1295,1.5,"3,180 Ratings & 374 Reviews",4.1,MarQ,5.0
36,36,"IFB FastCool Convertible 8-in-1 Cooling, 2023 Model 1.5 Ton 5 Star Split Inverter 7 Stage Air Treatmen...",58990.0,42990,798,1.5,632 Ratings & 82 Reviews,4.2,IFB,5.0
37,37,SAMSUNG windfree 1.5 Ton 3 Star Split Inverter AC  - White,61990.0,35490,977,1.5,"1,058 Ratings & 106 Reviews",4.1,SAMSUNG,3.0
38,38,"Haier Frost Self-Clean 2023 Model 1.3 Ton 3 Star Split Inverter Cooling at Extreme Temperature, Super ...",60490.0,29999,1310,1.3,"1,380 Ratings & 167 Reviews",4.0,Haier,3.0
39,39,Voltas 1.5 Ton 3 Star Split Inverter AC  - White,62990.0,32990,975,1.5,"16,559 Ratings & 1,553 Reviews",4.2,Voltas,3.0
40,40,"IFB FastCool Convertible 8-in-1 Cooling, 2023 Model 1.5 Ton 3 Star Split Inverter Smart Ready, 7 Stage...",50490.0,36490,1005,1.5,254 Ratings & 37 Reviews,4.2,IFB,3.0
41,41,Lloyd 1.5 Ton 5 Star Split Inverter AC  - White,67990.0,39990,780,1.5,"4,805 Ratings & 874 Reviews",4.2,Lloyd,5.0
42,42,SAMSUNG Convertible 5-in-1 Cooling 2023 Model 1.5 Ton 3 Star Split Inverter AC with Wi-fi Connect  - W...,61990.0,36500,977,1.5,"1,185 Ratings & 108 Reviews",4.0,SAMSUNG,3.0
43,43,Midea 2023 Model 0.8 Ton 3 Star Split Inverter Cold Catalyst Filter With Auto Cleanser AC  - White,50190.0,24990,526,0.8,250 Ratings & 34 Reviews,3.9,Midea,3.0
44,44,Daikin 1.5 Ton 5 Star Split Inverter AC with PM 2.5 Filter  - White,67200.0,45490,1325,1.5,"2,330 Ratings & 227 Reviews",4.2,Daikin,5.0
45,45,Whirlpool Convertible 5-in-1 Cooling 2023 Model 2 Ton 3 Star Split Inverter 6th Sense Technology AC  -...,78200.0,42890,1209,2.0,"2,903 Ratings & 261 Reviews",3.9,Whirlpool,3.0
46,46,SAMSUNG 1.5 Ton 3 Star Split Inverter AC  - White,57990.0,31999,1700,1.5,"5,037 Ratings & 454 Reviews",4.1,SAMSUNG,3.0
47,47,MarQ by Flipkart 2023 Range 1.5 Ton 4 Star Split Inverter 4-in-1 Convertible with Turbo Cool Technolog...,53999.0,31999,1365,1.5,"3,180 Ratings & 374 Reviews",4.1,MarQ,4.0
48,48,MarQ by Flipkart 2023 Range 1.5 Ton 4 Star Split Inverter 4-in-1 Convertible with Turbo Cool Technolog...,53999.0,31999,1365,1.5,"3,180 Ratings & 374 Reviews",4.1,MarQ,4.0
49,49,Voltas 1.5 Ton 5 Star Split Inverter AC  - White,75990.0,39490,759,1.5,"1,972 Ratings & 187 Reviews",4.1,Voltas,5.0
50,50,realme TechLife 4-in-1 Convertible 2023 Range with Flexi-Control Technology 1.2 Ton 4 Star Split Inver...,50999.0,29490,1230,1.2,"1,706 Ratings & 236 Reviews",4.0,realme,4.0
51,51,Whirlpool Convertible 4-in-1 Cooling 2023 Model 1.5 Ton 4 Star Split Inverter 6th Sense Technology AC ...,66900.0,36490,1360,1.5,"3,533 Ratings & 293 Reviews",3.9,Whirlpool,4.0
52,52,CARRIER 4-in-1 Flexicool 2023 Model 1.5 Ton 3 Star Split Inverter with Anti-Viral Guard & Smart Energy...,72290.0,37990,1660,1.5,360 Ratings & 61 Reviews,3.9,CARRIER,3.0
53,53,MarQ by Flipkart 2023 Range 2 Ton 3 Star Split Inverter 4-in-1 Convertible with Turbo Cool Technology ...,64999.0,37999,1970,2.0,"3,180 Ratings & 374 Reviews",4.1,MarQ,3.0
54,54,Panasonic Convertible 7-in-1 with Additional AI Mode Cooling 2023 Model 1 Ton 3 Star Split Inverter wi...,48100.0,33490,676,1.0,"16,011 Ratings & 1,910 Reviews",4.3,Panasonic,3.0
55,55,CARRIER 1.5 Ton 4 Star Split Inverter AC  - White,69790.0,37999,1420,1.5,"7,406 Ratings & 741 Reviews",4.1,CARRIER,4.0
56,56,Godrej 5-in-1 Convertible Cooling 2023 Model 1 Ton 5 Star Split Inverter i-sense Technology with Blue ...,48900.0,32490,524,1.0,"1,113 Ratings & 114 Reviews",4.0,Godrej,5.0
57,57,"LG Super Convertible 5-in-1 Cooling 2023 Model 1 Ton 3 Star Split Dual Inverter 2 Way Swing, HD Filter...",57990.0,32990,642,1.0,"1,066 Ratings & 83 Reviews",4.0,LG,3.0
58,58,realme TechLife 1.5 Ton 5 Star Split Inverter Smart AC with Wi-fi Connect  - White,64999.0,35499,770,1.5,69 Ratings & 12 Reviews,4.0,realme,5.0
59,59,LG 1.5 Ton 3 Star Window Dual Inverter AC with Wi-fi Connect  - White,65990.0,33990,1115,1.5,776 Ratings & 86 Reviews,3.9,LG,3.0
60,60,ONIDA 1 Ton 3 Star Split Inverter AC  - White,40900.0,28990,696,1.0,"7,529 Ratings & 907 Reviews",4.3,ONIDA,3.0
61,61,Lloyd 1.5 Ton 3 Star Window AC  - White,55990.0,27990,1180,1.5,"1,162 Ratings & 180 Reviews",4.1,Lloyd,3.0
62,62,Daikin 1 Ton 3 Star Split Inverter AC with PM 2.5 Filter  - White,48200.0,32990,1200,1.0,"2,330 Ratings & 227 Reviews",4.2,Daikin,3.0
63,63,Panasonic Convertible 7-in-1 with Additional AI Mode Cooling 2023 Model 1.5 Ton 4 Star Split Inverter ...,59400.0,40490,876,1.5,"16,011 Ratings & 1,910 Reviews",4.3,Panasonic,4.0
64,64,Panasonic Convertible 7-in-1 with Additional AI Mode Cooling 2023 Model 1 Ton 5 Star Split Inverter wi...,54600.0,37990,523,1.0,"16,011 Ratings & 1,910 Reviews",4.3,Panasonic,5.0
65,65,Daikin 1.5 Ton 5 Star Split Inverter AC  - White,67990.0,45705,1325,1.5,28 Ratings & 3 Reviews,3.7,Daikin,5.0
66,66,Lloyd 1 Ton 2 Star Window AC  - White,39990.0,22690,808,1.0,114 Ratings & 9 Reviews,3.8,Lloyd,2.0
67,67,"Panasonic Convertible 7-in-1 Cooling 2023 Model 1.5 Ton 3 Star Split Inverter with 2 Way Swing, PM 0.1...",53900.0,36990,1002,1.5,304 Ratings & 40 Reviews,4.1,Panasonic,3.0
68,68,"LG Super Convertible 5-in-1 Cooling, 2023 Model 1.2 Ton 3 Star Split Dual Inverter HD Filter with Anti...",68990.0,33990,849,1.2,"4,830 Ratings & 458 Reviews",4.1,LG,3.0
69,69,Voltas 1.5 Ton 3 Star Window AC  - White,41990.0,28799,1555,1.5,105 Ratings & 10 Reviews,4.0,Voltas,3.0
70,70,Daikin 0.8 Ton 3 Star Split AC with PM 2.5 Filter  - White,37400.0,28999,709,0.8,"1,442 Ratings & 155 Reviews",4.1,Daikin,3.0
71,71,Hitachi 1.5 Ton 3 Star Window AC  - White,35600.0,30999,1161,1.5,"3,847 Ratings & 428 Reviews",4.1,Hitachi,3.0
72,72,Whirlpool Convertible 4-in-1 Cooling 2023 Model 1 Ton 5 Star Split Inverter 6th Sense Technology AC  -...,64200.0,34490,840,1.0,"3,533 Ratings & 293 Reviews",3.9,Whirlpool,5.0
73,73,ONIDA 1.5 Ton 5 Star Split Inverter AC  - White,50900.0,38490,779,1.5,"7,529 Ratings & 907 Reviews",4.3,ONIDA,5.0
74,74,"Haier Frost Self-Clean 2023 Model 1.5 Ton 3 Star Split Inverter Cooling at Extreme Temperature, Super ...",64491.0,31990,1520,1.5,"1,380 Ratings & 167 Reviews",4.0,Haier,3.0
75,75,CARRIER Convertible 6-in-1 Cooling 2023 Model 1.2 Ton 5 Star Split AI Flexicool Inverter Dual Filtrati...,66590.0,36999,950,1.2,"7,406 Ratings & 741 Reviews",4.1,CARRIER,5.0
76,76,Panasonic 1 Ton 3 Star Split Inverter AC with Wi-fi Connect  - White,48100.0,33490,1095,1.0,"16,011 Ratings & 1,910 Reviews",4.3,Panasonic,3.0
77,77,SAMSUNG Convertible 5-in-1 Cooling 2023 Model 1.5 Ton 3 Star Split Inverter Wind Free AC with Wi-fi Co...,62990.0,38900,977,1.5,552 Ratings & 53 Reviews,4.1,SAMSUNG,3.0
78,78,"Blue Star Convertible 5 in 1 Cooling 2023 Model 0.9 Ton 3 Star Split Inverter Multi Sensors, Stabalize...",45000.0,30990,644,0.9,"13,188 Ratings & 1,434 Reviews",4.2,Blue,3.0
79,79,realme TechLife 2023 Range 1.5 Ton 5 Star Split Inverter 4-in-1 Convertible with Flexi-Control Technol...,59999.0,32999,1285,1.5,"1,706 Ratings & 236 Reviews",4.0,realme,5.0
80,80,ONIDA 1.5 Ton 3 Star Split Inverter AC  - White,43900.0,31490,969,1.5,"7,529 Ratings & 907 Reviews",4.3,ONIDA,3.0
81,81,SAMSUNG Convertible 5-in-1 Cooling 2023 Model 1.5 Ton 5 Star Split Inverter AC with Wi-fi Connect  - W...,73990.0,44000,749,1.5,"1,185 Ratings & 108 Reviews",4.0,SAMSUNG,5.0
82,82,"Haier Frost Self-Clean 2023 Model 1 Ton 3 Star Split Inverter Cooling at Extreme Temperature, Super An...",57490.0,30990,1145,1.0,"1,380 Ratings & 167 Reviews",4.0,Haier,3.0
83,83,SAMSUNG Convertible 5-in-1 Cooling 2023 Model 1.5 Ton 3 Star Split Inverter Wind Free AC  - White,61990.0,37699,977,1.5,"1,058 Ratings & 106 Reviews",4.1,SAMSUNG,3.0
84,84,"Hitachi 1.5 T 3 Star Split Inverter AC  - White, Gold",59700.0,36499,1012,1.5,"1,378 Ratings & 112 Reviews",3.9,Hitachi,3.0
85,85,Blue Star 1 Ton 3 Star Window AC  - White,33000.0,26990,823,1.0,950 Ratings & 96 Reviews,4.1,Blue,3.0
86,86,Whirlpool Convertible 4-in-1 Cooling 2023 Model 0.8 Ton 3 Star Split Inverter 6th Sense Technology AC ...,55900.0,28999,890,0.8,"3,533 Ratings & 293 Reviews",3.9,Whirlpool,3.0
87,87,Blue Star 1.3 Ton 3 Star Split Inverter AC  - White,57500.0,33990,865,1.3,"13,188 Ratings & 1,434 Reviews",4.2,Blue,3.0
88,88,Blue Star 0.8 Ton 3 Star Window AC  - White,30000.0,24990,648,0.8,950 Ratings & 96 Reviews,4.1,Blue,3.0
89,89,Voltas 1.5 Ton 3 Star Split Inverter AC  - White,64990.0,35499,975,1.5,80 Ratings & 12 Reviews,3.9,Voltas,3.0
90,90,"IFB FastCool Convertible 8-in-1 Cooling, 2023 Model 2 Ton 3 Star Split Inverter Smart Ready, 7 Stage A...",63490.0,48490,1206,2.0,254 Ratings & 37 Reviews,4.2,IFB,3.0
91,91,"LG AI Convertible 6-in-1 Cooling 2023 Model 2 Ton 3 Star Split AI Dual Inverter 4 Way Swing, HD Filter...",85990.0,54990,1232,2.0,"5,107 Ratings & 534 Reviews",4.1,LG,3.0
92,92,CARRIER 1.2 Ton 5 Star Split Inverter AC  - White,66590.0,35999,950,1.2,"7,406 Ratings & 741 Reviews",4.1,CARRIER,5.0
93,93,Daikin 1 Ton 3 Star Split AC with PM 2.5 Filter  - White,46000.0,32690,848,1.0,"1,442 Ratings & 155 Reviews",4.1,Daikin,3.0
94,94,Godrej 5-in-1 Convertible Cooling 2023 Model 2 Ton 3 Star Split Inverter i-sense Technology with Blue ...,60990.0,42990,1210,2.0,"2,237 Ratings & 216 Reviews",4.0,Godrej,3.0
95,95,SAMSUNG 1.5 Ton 4 Star Split Inverter AC  - White,64990.0,38499,850,1.5,36 Ratings & 4 Reviews,3.8,SAMSUNG,4.0
96,96,Panasonic Convertible 7-in-1 with Additional AI Mode Cooling 2023 Model 2 Ton 4 Star Split Inverter wi...,77150.0,54990,1075,2.0,"16,011 Ratings & 1,910 Reviews",4.3,Panasonic,4.0
97,97,Hitachi 1 Ton 3 Star Split Inverter AC  - White,54300.0,34979,1095,1.0,"16,011 Ratings & 1,910 Reviews",4.3,Hitachi,3.0
98,98,SAMSUNG 1.5 Ton 3 Star Split Inverter AC  - White,60990.0,34800,977,1.5,"16,011 Ratings & 1,910 Reviews",4.3,SAMSUNG,3.0
99,99,Hitachi Ice Clean Frost Wash Technology 2023 Model 1 Ton 5 Star Split Inverter Xpandable plus Ambience...,62600.0,36999,533,1.0,"1,378 Ratings & 112 Reviews",3.9,Hitachi,5.0
100,100,Lloyd 1.2 Ton 5 Star Split Inverter AC  - White,62990.0,34999,635,1.2,"4,805 Ratings & 874 Reviews",4.2,Lloyd,5.0
101,101,Whirlpool Convertible 4-in-1 Cooling 2023 Model 1.5 Ton 3 Star Split Inverter 6th Sense Technology AC ...,62300.0,33990,1630,1.5,"3,533 Ratings & 293 Reviews",3.9,Whirlpool,3.0
102,102,Lloyd 1 Ton 2 Star Split AC  - White,46990.0,27999,744,1.0,249 Ratings & 43 Reviews,4.2,Lloyd,2.0
103,103,SAMSUNG 1 Ton 5 Star Split Inverter AC  - White,57990.0,36399,481,1.0,552 Ratings & 53 Reviews,4.1,SAMSUNG,5.0
104,104,CANDY 1 Ton 3 Star Split Inverter AC  - White,54500.0,27999,684,1.0,431 Ratings & 83 Reviews,4.0,CANDY,3.0
105,105,Daikin 1.8 Ton 3 Star Split Inverter AC  - White,72900.0,50999,1950,1.8,"2,330 Ratings & 227 Reviews",4.2,Daikin,3.0
106,106,Lloyd 1.5 Ton 3 Star Hot and Cold Split Inverter AC  - White,64990.0,37999,1043,1.5,129 Ratings & 31 Reviews,4.3,Lloyd,3.0
107,107,"Blue Star 2023 Model 0.8 Ton 3 Star Split Inverter Multi Sensors, Self Clean Technology, Self Diagnosi...",41500.0,28999,521,0.8,"13,188 Ratings & 1,434 Reviews",4.2,Blue,3.0
108,108,"IFB FastCool Convertible 8-in-1 Cooling, 2023 Model 1.5 Ton 4 Star Split Inverter Smart Ready, 7 Stage...",54990.0,41490,867,1.5,632 Ratings & 82 Reviews,4.2,IFB,4.0
109,109,SAMSUNG Convertible 5-in-1 Cooling 2023 Model 1.5 Ton 5 Star Split Inverter Wind Free AC  - White,73990.0,45500,749,1.5,"1,058 Ratings & 106 Reviews",4.1,SAMSUNG,5.0
110,110,"Godrej 1.5 Ton 5 Star Split Inverter 2023 Model, Blue Fin Anti Corrosive Coating AC  - White",54900.0,37490,765,1.5,485 Ratings & 53 Reviews,4.2,Godrej,5.0
111,111,Voltas 1.5 Ton 3 Star Window Inverter AC  - White,46990.0,31499,1204,1.5,379 Ratings & 31 Reviews,4.1,Voltas,3.0
112,112,Midea 1 Ton 3 Star Split Inverter AC  - White,50190.0,30499,1170,1.0,14 Ratings & 1 Reviews,4.1,Midea,3.0
113,113,Lloyd 1.5 Ton 3 Star Split AC  - White,62990.0,35500,1012,1.5,44 Ratings & 7 Reviews,4.3,Lloyd,3.0
114,114,Panasonic Convertible 7-in-1 with Additional AI Mode Cooling 2023 Model 1 Ton 4 Star Split Inverter wi...,50600.0,35990,601,1.0,"16,011 Ratings & 1,910 Reviews",4.3,Panasonic,4.0
115,115,Hitachi Ice Clean Frost Wash Technology 2023 Model 1 Ton 3 Star Split Inverter Xpandable plus Ambience...,54300.0,32999,669,1.0,"1,378 Ratings & 112 Reviews",3.9,Hitachi,3.0
116,116,LG AI Convertible 6-in-1 Cooling 2023 Model 1.5 Ton 5 Star Split AI Dual Inverter Plasmaster (Ionizer)...,81990.0,47990,685,1.5,335 Ratings & 39 Reviews,4.2,LG,5.0
117,117,Godrej 1 Ton 3 Star Split Inverter AC  - White,41900.0,28450,694,1.0,7 Ratings & 0 Reviews,3.6,Godrej,3.0
118,118,LG 1.5 Ton 5 Star Window Dual Inverter AC  - White,65990.0,38990,1053,1.5,776 Ratings & 86 Reviews,3.9,LG,5.0
119,119,"Blue Star Convertible 5 in 1 Cooling 2023 Model 1.5 Ton 3 Star Split Inverter Multi Sensors, Stabalize...",61250.0,35990,1007,1.5,"2,255 Ratings & 225 Reviews",4.2,Blue,3.0
120,120,CARRIER Convertible 4-in-1 Cooling 2023 Model 2 Ton 3 Star Split AI Flexicool Inverter Dual Filtration...,80890.0,49999,2000,2.0,"7,406 Ratings & 741 Reviews",4.1,CARRIER,3.0
121,121,Lloyd 1 Ton 2 Star Window AC  - White,39990.0,22690,808,1.0,"1,162 Ratings & 180 Reviews",4.1,Lloyd,2.0
122,122,Whirlpool 1.5 Ton 3 Star Split Inverter AC  - White,53950.0,31999,1660,1.5,134 Ratings & 20 Reviews,4.1,Whirlpool,3.0
123,123,Voltas 1 Ton 3 Star Split Inverter AC  - White,56990.0,29490,672,1.0,75 Ratings & 10 Reviews,3.9,Voltas,3.0
124,124,CARRIER 1 Ton 3 Star Window 2 Way Air Directional control with Dust Filter(2023 Model) AC  - White,39090.0,27999,870,1.0,34 Ratings & 6 Reviews,3.9,CARRIER,3.0
125,125,Lloyd 1.5 Ton 3 Star Split Inverter AC  - White,60990.0,32700,1002,1.5,24 Ratings & 1 Reviews,3.8,Lloyd,3.0
126,126,"LG AI Convertible 6-in-1 Cooling 2023 Model 1 Ton 5 Star Split AI Dual Inverter 4 Way Swing, HD Filter...",65990.0,40490,521,1.0,"2,551 Ratings & 272 Reviews",4.2,LG,5.0
127,127,Voltas 1.5 Ton 5 Star Window Inverter AC  - White,45990.0,34730,1114,1.5,191 Ratings & 24 Reviews,4.0,Voltas,5.0
128,128,Daikin 1 Ton 3 Star Split Inverter AC  - White,48200.0,33850,680,1.0,191 Ratings & 24 Reviews,4.0,Daikin,3.0
129,129,"LG AI Convertible 6-in-1 Cooling 2023 Model 1.5 Ton 5 Star Split AI Dual Inverter 4 Way Swing, HD Filt...",81990.0,49990,685,1.5,"9,269 Ratings & 920 Reviews",4.1,LG,5.0
130,130,Voltas 1.5 Ton 5 Star Window Inverter AC  - White,49990.0,34490,1640,1.5,379 Ratings & 31 Reviews,4.1,Voltas,5.0
131,131,Blue Star 1.5 Ton 5 Star Window AC  - White,44500.0,35990,1045,1.5,950 Ratings & 96 Reviews,4.1,Blue,5.0
132,132,CARRIER 1 Ton 3 Star Split 2 Way Air Directional control with HD Filter (2023 Model) AC  - White,54590.0,32999,940,1.0,106 Ratings & 8 Reviews,4.3,CARRIER,3.0
133,133,SAMSUNG 1.5 Ton 5 Star Split Inverter AC  - White,65990.0,36999,832,1.5,"5,037 Ratings & 454 Reviews",4.1,SAMSUNG,5.0
134,134,Voltas 1 Ton 3 Star Window AC  - White,35990.0,26198,774,1.0,31 Ratings & 4 Reviews,4.1,Voltas,3.0
135,135,Thomson 4 in 1 Convertible Cooling 1.5 Ton 3 Star Split Inverter With iBreeze Technology AC  - White,43998.0,30499,1640,1.5,745 Ratings & 164 Reviews,4.0,Thomson,3.0
136,136,Lloyd 1 Ton 3 Star Split Inverter AC with Wi-fi Connect  - White,45990.0,28490,1110,1.0,6 Ratings & 0 Reviews,4.7,Lloyd,3.0
137,137,"Hitachi 1.5 T 5 Star Split Inverter AC  - White, Gold",65300.0,43999,780,1.5,"1,378 Ratings & 112 Reviews",3.9,Hitachi,5.0
138,138,"Hitachi 1 Ton 3 Star Split Inverter AC  - White, Gold",48200.0,31999,688,1.0,405 Ratings & 40 Reviews,3.8,Hitachi,3.0
139,139,Godrej Turbo Mode 2023 Model 1.5 Ton 3 Star Window with Anti Corrosive Blue Fin AC  - White,41900.0,26499,1216,1.5,59 Ratings & 9 Reviews,3.9,Godrej,3.0
140,140,Hitachi Iconic wave design 2023 Model 1.5 Ton 3 Star Split Soft dry Silent Air Ambience Light R 32 AC ...,56300.0,38380,1039,1.5,143 Ratings & 15 Reviews,4.1,Hitachi,3.0
141,141,Voltas 1 Ton 5 Star Split Inverter AC  - White,63990.0,35990,541,1.0,143 Ratings & 15 Reviews,4.1,Voltas,5.0
142,142,SAMSUNG 1 Ton 3 Star Split Inverter AC  - White,60990.0,31600,624,1.0,143 Ratings & 15 Reviews,4.1,SAMSUNG,3.0
143,143,Daikin 1 Ton 5 Star Split Inverter AC with PM 2.5 Filter  - White,55500.0,37999,940,1.0,"2,330 Ratings & 227 Reviews",4.2,Daikin,5.0
144,144,"Blue Star 2023 Model 1 Ton 2 Star Split Multi Sensors, Comfort Sleep Mode, Turbo Cool, Self Diagnosis,...",44250.0,30990,727,1.0,"1,604 Ratings & 187 Reviews",4.1,Blue,2.0
145,145,"Haier Frost Self-Clean 2023 Model 1.5 Ton 5 Star Split Inverter Intelli Convertible 7-in-1, Cooling at...",71490.0,39990,1240,1.5,"1,380 Ratings & 167 Reviews",4.0,Haier,5.0
146,146,Daikin 1 Ton 5 Star Split Inverter AC with PM 2.5 Filter  - White,55500.0,37999,940,1.0,"2,330 Ratings & 227 Reviews",4.2,Daikin,5.0
147,147,SAMSUNG Convertible 5-in-1 Cooling 2023 Model 1 Ton 3 Star Split Inverter Wind Free AC  - White,52990.0,34099,624,1.0,"1,058 Ratings & 106 Reviews",4.1,SAMSUNG,3.0
148,148,Hitachi Iconic wave design 2023 Model 1 Ton 3 Star Split Soft dry Silent Air Ambience Light R 32 AC  -...,46600.0,33499,706,1.0,143 Ratings & 15 Reviews,4.1,Hitachi,3.0
149,149,"Blue Star Convertible 5 in 1 Cooling 2023 Model 1.2 Ton 3 Star Split Inverter Multi Sensors, Stabalize...",57500.0,33990,865,1.2,"13,188 Ratings & 1,434 Reviews",4.2,Blue,3.0
150,150,Thomson 1.5 Ton 2 Star Split With iBreeze Technology AC  - White,39999.0,28999,732,1.5,22 Ratings & 2 Reviews,3.9,Thomson,2.0
151,151,Panasonic Convertible 7-in-1 with Additional AI Mode Cooling 2023 Model 2 Ton 3 Star Split Inverter wi...,69400.0,50990,1234,2.0,"16,011 Ratings & 1,910 Reviews",4.3,Panasonic,3.0
152,152,Whirlpool 4 in 1 Convertible Cooling 1.5 Ton 3 Star Split Inverter AC  - White,64600.0,31299,1570,1.5,"7,673 Ratings & 831 Reviews",4.1,Whirlpool,3.0
153,153,Lloyd 1.5 Ton 5 Star Window AC  - White,54990.0,32890,1072,1.5,"1,162 Ratings & 180 Reviews",4.1,Lloyd,5.0
154,154,CARRIER 6-in-1 Flexicool 2023 Model 1.5 Ton 5 Star Split Inverter with Anti-Viral Guard & Smart Energy...,81890.0,45999,1310,1.5,360 Ratings & 61 Reviews,3.9,CARRIER,5.0
155,155,"IFB FastCool Convertible 8-in-1 Cooling, 2023 Model 1.6 Ton 3 Star Split Inverter Smart Ready, 7 Stage...",53490.0,40490,1083,1.6,632 Ratings & 82 Reviews,4.2,IFB,3.0
156,156,CARRIER Flexicool Convertible 4-in-1 Cooling 2 Ton 3 Star Split Inverter Dual Filtration with HD and P...,78890.0,48999,2010,2.0,"1,162 Ratings & 105 Reviews",4.3,CARRIER,3.0
157,157,Panasonic Convertible 7-in-1 with Additional AI Mode Cooling 2023 Model 2 Ton 5 Star Split Inverter wi...,87900.0,65990,926,2.0,"16,011 Ratings & 1,910 Reviews",4.3,Panasonic,5.0
158,158,Lloyd 1.5 Ton 2 Star Split AC  - White,59990.0,32999,1114,1.5,97 Ratings & 13 Reviews,3.9,Lloyd,2.0
159,159,"Blue Star Convertible 4 in 1 Cooling 2023 Model 1 Ton 4 Star Split Inverter Multi Sensors, Stabalizer ...",59500.0,34990,583,1.0,"13,188 Ratings & 1,434 Reviews",4.2,Blue,4.0
160,160,MarQ by Flipkart 2023 Range 0.8 Ton 3 Star Split Inverter 4-in-1 Convertible with Turbo Cool Technolog...,45499.0,25999,880,0.8,"3,180 Ratings & 374 Reviews",4.1,MarQ,3.0
161,161,Lloyd 1.5 Ton 5 Star Split Inverter AC with Wi-fi Connect  - White,69990.0,42000,780,1.5,791 Ratings & 148 Reviews,4.2,Lloyd,5.0
162,162,realme TechLife 1 Ton 5 Star Split Inverter Smart AC with Wi-fi Connect  - White,54999.0,30999,523,1.0,69 Ratings & 12 Reviews,4.0,realme,5.0
163,163,"Hitachi 1.5 Ton 3 Star Split Inverter AC  - White, Gold",59700.0,36499,1012,1.5,155 Ratings & 5 Reviews,3.9,Hitachi,3.0
164,164,Blue Star 1 Ton 5 Star Window AC  - White,37000.0,31500,708,1.0,950 Ratings & 96 Reviews,4.1,Blue,5.0
165,165,Panasonic 1.5 Ton 3 Star Hot and Cold Split Inverter AC with Wi-fi Connect  - White,61400.0,41990,972,1.5,304 Ratings & 40 Reviews,4.1,Panasonic,3.0
166,166,Daikin 1 Ton 4 Star Split Inverter AC  - White,48200.0,36499,1200,1.0,21 Ratings & 2 Reviews,4.1,Daikin,4.0
167,167,SAMSUNG 1.5 Ton 3 Star Split Inverter AC  - White,60990.0,35000,977,1.5,21 Ratings & 2 Reviews,4.1,SAMSUNG,3.0
168,168,Voltas 1.5 Ton 5 Star Split Inverter AC  - White,69990.0,40499,1750,1.5,"16,559 Ratings & 1,553 Reviews",4.2,Voltas,5.0
169,169,Voltas 2 Ton 3 Star Split AC  - White,81990.0,47999,1323,2.0,4 Ratings & 1 Reviews,3.3,Voltas,3.0
170,170,SAMSUNG 1.5 Ton 3 Star Split Inverter AC  - White,60990.0,35000,977,1.5,4 Ratings & 1 Reviews,3.3,SAMSUNG,3.0
171,171,Voltas 0.75 Ton 3 Star Split AC  - White,48990.0,26999,940,0.75,"2,655 Ratings & 227 Reviews",4.1,Voltas,3.0
172,172,Hitachi 1.5 Ton 3 Star Split Inverter Hot and Cold AC  - White,63300.0,44999,1847,1.5,3 Ratings & 0 Reviews,4.3,Hitachi,3.0
173,173,"Blue Star Convertible 4 in 1 Cooling 2023 Model 1 Ton 3 Star Split Inverter Multi Sensors, Stabalizer ...",51500.0,32690,704,1.0,"13,188 Ratings & 1,434 Reviews",4.2,Blue,3.0
174,174,Hitachi 1 Ton 2 Star Window AC  - White,28990.0,28420,921,1.0,"3,847 Ratings & 428 Reviews",4.1,Hitachi,2.0
175,175,CANDY 1 Ton 4 Star Split Inverter AC  - White,57500.0,29999,600,1.0,431 Ratings & 83 Reviews,4.0,CANDY,4.0
176,176,LG 2 Ton 4 Star Window Dual Inverter AC with Wi-fi Connect  - White,70990.0,46620,1384,2.0,776 Ratings & 86 Reviews,3.9,LG,4.0
177,177,Daikin 1.8 Ton 5 Star Split Inverter AC with PM 2.5 Filter  - White,83900.0,56999,1575,1.8,"2,330 Ratings & 227 Reviews",4.2,Daikin,5.0
178,178,"IFB FastCool Convertible 8-in-1 Cooling, 2023 Model 1.5 Ton 3 Star Split Inverter 7 Stage Air Treatmen...",51990.0,38490,1005,1.5,632 Ratings & 82 Reviews,4.2,IFB,3.0
179,179,"LG Super Convertible 6-in-1 Cooling 1 Ton 5 Star Split Dual Inverter AI, 4 Way Swing, HD Filter with A...",61990.0,37490,571,1.0,"2,551 Ratings & 272 Reviews",4.2,LG,5.0
180,180,"Midea 2023 Model 2 Ton 3 Star Split Inverter HD Filter with 2 Way Air Directional Control, Auto Cleans...",71290.0,41999,2000,2.0,250 Ratings & 34 Reviews,3.9,Midea,3.0
181,181,Panasonic Convertible 7-in-1 with Additional AI Mode Hot & Cold 2023 Model 1.5 Ton 3 Star Split Invert...,61400.0,43990,972,1.5,270 Ratings & 28 Reviews,4.1,Panasonic,3.0
182,182,CARRIER 1.5 Ton 3 Star Split 2 Way Air Directional control with HD Filter(2023 Model AC  - White,64190.0,38999,1350,1.5,106 Ratings & 8 Reviews,4.3,CARRIER,3.0
183,183,Daikin 1.5 Ton 3 Star Split Inverter AC with PM 2.5 Filter  - White,58400.0,38899,1670,1.5,7 Ratings & 1 Reviews,3.9,Daikin,3.0
184,184,Daikin 1.5 Ton 5 Star Split Inverter AC  - White,71200.0,47999,1290,1.5,355 Ratings & 53 Reviews,4.2,Daikin,5.0
185,185,Voltas 2 Ton 5 Star Split Inverter AC  - White,93990.0,55499,959,2.0,"16,559 Ratings & 1,553 Reviews",4.2,Voltas,5.0
186,186,"Blue Star 2023 Model 1.5 Ton 2 Star Split Multi Sensors, Comfort Sleep Mode, Turbo Cool, Self Diagnosi...",52500.0,35490,1127,1.5,"1,604 Ratings & 187 Reviews",4.1,Blue,2.0
187,187,LG 1.5 Ton 5 Star Window Smart AC with Wi-fi Connect  - White,48990.0,39999,5000,1.5,"2,598 Ratings & 306 Reviews",4.3,LG,5.0
188,188,Lloyd 1.5 Ton 5 Star Split Inverter AC with Wi-fi Connect  - White,69990.0,42000,780,1.5,791 Ratings & 148 Reviews,4.2,Lloyd,5.0
189,189,Daikin 1.5 Ton 3 Star Hot and Cold Split Inverter AC  - White,61300.0,43490,1600,1.5,35 Ratings & 3 Reviews,4.2,Daikin,3.0
190,190,Whirlpool 4 in 1 Convertible Cooling 1.5 Ton 3 Star Split Inverter AC  - White,62200.0,33490,1450,1.5,"3,616 Ratings & 407 Reviews",4.1,Whirlpool,3.0
191,191,Panasonic 1.5 Ton 3 Star Split Inverter AC  - White,54400.0,35990,1770,1.5,270 Ratings & 28 Reviews,4.1,Panasonic,3.0
192,192,SAMSUNG Convertible 5-in-1 Cooling Mode 1.5 Ton 5 Star Split Inverter Anti Bacteria Filter AC  - White,65990.0,41999,1380,1.5,109 Ratings & 8 Reviews,4.1,SAMSUNG,5.0
193,193,Panasonic 1.5 Ton 3 Star Split Inverter AC  - White,54400.0,35990,1770,1.5,270 Ratings & 28 Reviews,4.1,Panasonic,3.0
194,194,Hitachi 1 Ton 2 Star Window AC  - White,28990.0,28420,921,1.0,"3,847 Ratings & 428 Reviews",4.1,Hitachi,2.0
195,195,Voltas 1.5 Ton 3 Star Split Inverter AC  - White,68990.0,33149,998,1.5,21 Ratings & 0 Reviews,4.0,Voltas,3.0
196,196,Lloyd 1 Ton 3 Star Split AC  - White,49990.0,31590,709,1.0,24 Ratings & 3 Reviews,3.6,Lloyd,3.0
197,197,SAMSUNG Convertible 5-in-1 Cooling 2023 Model 1 Ton 5 Star Split Inverter AC with Wi-fi Connect  - Whi...,59990.0,38390,481,1.0,"1,185 Ratings & 108 Reviews",4.0,SAMSUNG,5.0
198,198,Haier 1.6 Ton 5 Star Split Inverter AC  - White,72490.0,42490,880,1.6,5 Ratings & 1 Reviews,2.8,Haier,5.0
199,199,CARRIER HD Filteration 1.5 Ton 3 Star Split AI Flexicool Inverter With Auto Cleanser AC  - White,66990.0,33990,1575,1.5,14 Ratings & 4 Reviews,3.6,CARRIER,3.0
200,200,SAMSUNG Convertible 5-in-1 Cooling 2023 Model 1.5 Ton 5 Star Split Inverter Wind Free AC with Wi-fi Co...,75990.0,47499,749,1.5,552 Ratings & 53 Reviews,4.1,SAMSUNG,5.0
201,201,Lloyd 2 Ton 5 Star Split Inverter AC  - White,86990.0,53999,970,2.0,"4,805 Ratings & 874 Reviews",4.2,Lloyd,5.0
202,202,"IFB FastCool Convertible 8-in-1 Cooling, 2023 Model 1.5 Ton 5 Star Split Inverter Smart Ready, 7 Stage...",57990.0,42990,798,1.5,284 Ratings & 51 Reviews,4.3,IFB,5.0
203,203,SAMSUNG Convertible 5-in-1 Cooling 2023 Model 2 Ton 3 Star Split Inverter AC with Wi-fi Connect  - Whi...,83990.0,52490,1145,2.0,"1,185 Ratings & 108 Reviews",4.0,SAMSUNG,3.0
204,204,Lloyd 2 Ton 3 Star Split Inverter AC  - White,77990.0,47000,1261,2.0,"4,805 Ratings & 874 Reviews",4.2,Lloyd,3.0
205,205,SAMSUNG Convertible 5-in-1 Cooling Mode 1 Ton 4 Star Split Inverter Anti Bacteria Filter AC  - White,50990.0,31999,960,1.0,56 Ratings & 7 Reviews,4.0,SAMSUNG,4.0
206,206,Panasonic 1.5 Ton 3 Star Split Inverter AC  - White,48500.0,35990,1056,1.5,"1,105 Ratings & 147 Reviews",4.2,Panasonic,3.0
207,207,Daikin 1.5 Ton 3 Star Split AC  - White,55600.0,37280,1278,1.5,11 Ratings & 3 Reviews,4.1,Daikin,3.0
208,208,"Midea 2023 Model 1.5 Ton 3 Star Split Inverter HD Filter with 2 Way Air Directional Control, Auto Clea...",61790.0,33999,1575,1.5,250 Ratings & 34 Reviews,3.9,Midea,3.0
209,209,Whirlpool 4 in 1 Convertible Cooling 1.5 Ton 3 Star Split Inverter AC  - White,62200.0,32499,1029,1.5,"2,182 Ratings & 311 Reviews",4.1,Whirlpool,3.0
210,210,Lloyd 1 Ton 3 Star Split AC  - White,41990.0,28990,735,1.0,710 Ratings & 105 Reviews,4.2,Lloyd,3.0
211,211,"IFB FastCool Convertible 8-in-1 Cooling, 2023 Model 1 Ton 2 Star Split Inverter Smart Ready, 7 Stage A...",39990.0,31490,773,1.0,632 Ratings & 82 Reviews,4.2,IFB,2.0
212,212,Blue Star 1.5 Ton 5 Star Window Inverter AC  - White,50000.0,39490,1590,1.5,51 Ratings & 6 Reviews,3.8,Blue,5.0
213,213,Panasonic 1 Ton 3 Star Split Inverter AC  - White,42200.0,30990,731,1.0,"1,105 Ratings & 147 Reviews",4.2,Panasonic,3.0
214,214,"LG AI Convertible 6-in-1 Cooling 2023 Model 1.5 Ton 5 Star Split AI Dual Inverter UV Nano, 4 Way Swing...",83990.0,50990,685,1.5,36 Ratings & 2 Reviews,4.0,LG,5.0
215,215,Lloyd 1 Ton 5 Star Split Inverter AC with Wi-fi Connect  - White,58990.0,32890,533,1.0,34 Ratings & 1 Reviews,4.2,Lloyd,5.0
216,216,"Haier Frost Self-Clean 2023 Model 1 Ton 4 Star Split Inverter Intelli smart, Intelli Convertible 7-in-...",63990.0,36490,985,1.0,34 Ratings & 1 Reviews,4.2,Haier,4.0
217,217,Lloyd 1.5 Ton 3 Star Split AC  - White,52990.0,33960,1087,1.5,710 Ratings & 105 Reviews,4.2,Lloyd,3.0
218,218,Voltas 1 Ton 3 Star Split Inverter AC  - White,56990.0,31490,1115,1.0,"16,559 Ratings & 1,553 Reviews",4.2,Voltas,3.0
219,219,Voltas 1.5 Ton 5 Star Split Inverter AC  - White,77990.0,42365,759,1.5,"16,559 Ratings & 1,553 Reviews",4.2,Voltas,5.0
220,220,Blue Star 1.5 Ton 3 Star Split AC  - White,61750.0,39890,1052,1.5,"16,559 Ratings & 1,553 Reviews",4.2,Blue,3.0
221,221,Panasonic 1 Ton 3 Star Split Inverter AC  - White,47100.0,32490,1095,1.0,270 Ratings & 28 Reviews,4.1,Panasonic,3.0
222,222,Lloyd . 1.5 Ton 5 Star Split Inverter with PM 2.5 Filter AC  - White,60990.0,42599,1095,1.5,37 Ratings & 4 Reviews,4.1,Lloyd,5.0
223,223,Blue Star 1.5 Ton 2 Star Window AC  - White,37500.0,29990,1223,1.5,950 Ratings & 96 Reviews,4.1,Blue,2.0
224,224,"LG Super Convertible 6-in-1 Cooling 1.5 Ton 5 Star Split Dual Inverter AI, 4 Way Swing, HD Filter with...",76990.0,45999,818,1.5,"9,269 Ratings & 920 Reviews",4.1,LG,5.0
225,225,Whirlpool 1.5 Ton 5 Star Split Inverter AC  - White,62433.0,35750,920,1.5,151 Ratings & 15 Reviews,4.1,Whirlpool,5.0
226,226,Daikin 1.5 Ton 5 Star Split Inverter AC  - White,67200.0,46590,785,1.5,24 Ratings & 1 Reviews,4.3,Daikin,5.0
227,227,Blue Star Convertible 4-in-1 Cooling 1 Ton 5 Star Split Inverter AC  - White,59500.0,38490,583,1.0,"13,188 Ratings & 1,434 Reviews",4.2,Blue,5.0
228,228,"CARRIER 2 Ton 3 Star Split Auto Cleanser, Dual Filtration with HD and PM2.5 Filter AC  - White",74090.0,48999,1665,2.0,"6,040 Ratings & 630 Reviews",4.3,CARRIER,3.0
229,229,"Blue Star Convertible 4-in-1 Cooling 1.5 Ton 5 Star Split Inverter Multi Sensors, Stabalizer Free Oper...",70000.0,42990,1365,1.5,"13,188 Ratings & 1,434 Reviews",4.2,Blue,5.0
230,230,Daikin 1.5 Ton 5 Star Split Inverter AC  - White,71200.0,45940,1602,1.5,3 Ratings & 0 Reviews,5.0,Daikin,5.0
231,231,Whirlpool 1 Ton 4 Star Split AC  - White,45000.0,33500,830,1.0,59 Ratings & 11 Reviews,4.5,Whirlpool,4.0
232,232,CARRIER 1.5 Ton 5 Star Window AC  - White,48990.0,33999,1522,1.5,890 Ratings & 88 Reviews,4.3,CARRIER,5.0
233,233,Voltas 1.5 Ton 5 Star Split Inverter AC  - White,68990.0,40999,1590,1.5,"4,258 Ratings & 402 Reviews",4.2,Voltas,5.0
234,234,SAMSUNG Convertible 1.5 Ton 3 Star Split Inverter AC  - White,62990.0,35690,940,1.5,232 Ratings & 21 Reviews,4.3,SAMSUNG,3.0
235,235,"LG AI Convertible 6-in-1 Cooling 2023 Model 1.5 Ton 5 Star Split AI Dual Inverter UV Nano, 4 Way Swing...",83990.0,50990,685,1.5,36 Ratings & 2 Reviews,4.0,LG,5.0
236,236,MarQ by Flipkart 1 Ton 3 Star Split Inverter AC  - White,39999.0,23490,725,1.0,"13,808 Ratings & 1,948 Reviews",4.3,MarQ,3.0
237,237,Daikin 1.8 Ton 3 Star Hot and Cold Split Inverter AC  - White,76600.0,56700,1820,1.8,35 Ratings & 3 Reviews,4.2,Daikin,3.0
238,238,Whirlpool 1.5 Ton 3 Star Split Inverter AC  - White,68500.0,32589,2550,1.5,35 Ratings & 3 Reviews,4.2,Whirlpool,3.0
239,239,Panasonic 1.5 Ton 3 Star Split Inverter AC with Wi-fi Connect  - White,55400.0,35990,1770,1.5,"16,011 Ratings & 1,910 Reviews",4.3,Panasonic,3.0
240,240,"LG AI Convertible 6-in-1 Cooling 2023 Model 1.5 Ton 5 Star Split AI Dual Inverter 4 Way Swing, HD Filt...",81990.0,49490,685,1.5,"9,269 Ratings & 920 Reviews",4.1,LG,5.0
241,241,Voltas 1.5 Ton 3 Star Split Inverter AC  - White,50000.0,34990,1590,1.5,10 Ratings & 1 Reviews,4.1,Voltas,3.0
242,242,MarQ by Flipkart 1 Ton 3 Star Split Inverter AC  - White,39999.0,23490,725,1.0,"13,808 Ratings & 1,948 Reviews",4.3,MarQ,3.0
243,243,Blue Star 2 Ton 3 Star Split Inverter AC  - White,71750.0,47990,1261,2.0,"13,188 Ratings & 1,434 Reviews",4.2,Blue,3.0
244,244,CARRIER 1.5 Ton 3 Star Split Inverter AC  - White,67790.0,35999,1590,1.5,21 Ratings & 1 Reviews,3.6,CARRIER,3.0
245,245,Whirlpool 1.5 Ton 3 Star Split Inverter AC  - White,45000.0,40500,1890,1.5,21 Ratings & 1 Reviews,3.6,Whirlpool,3.0
246,246,Panasonic 1.5 Ton 3 Star Split Inverter AC  - White,53000.0,43000,1650,1.5,153 Ratings & 23 Reviews,4.5,Panasonic,3.0
247,247,Godrej 1.5 Ton 3 Star Split Inverter AC  - White,50990.0,33986,1700,1.5,108 Ratings & 19 Reviews,4.1,Godrej,3.0
248,248,Hitachi 1.5 Ton 5 Star Split Inverter AC  - White,74100.0,45389,1385,1.5,108 Ratings & 19 Reviews,4.1,Hitachi,5.0
249,249,Hitachi 1.5 Ton 3 Star Window AC  - White,29890.0,28999,1277,1.5,"3,847 Ratings & 428 Reviews",4.1,Hitachi,3.0
250,250,MarQ by Flipkart 0.8 Ton 3 Star Split Inverter AC  - White,26039.0,21490,685,0.8,"13,808 Ratings & 1,948 Reviews",4.3,MarQ,3.0
251,251,Godrej 1.5 Ton 3 Star Split Inverter AC  - White,61900.0,32490,1840,1.5,36 Ratings & 4 Reviews,4.4,Godrej,3.0
252,252,SAMSUNG 1 Ton 4 Star Split Inverter AC  - White,50990.0,32999,960,1.0,"1,420 Ratings & 134 Reviews",4.1,SAMSUNG,4.0
253,253,Whirlpool 4 in 1 Convertible Cooling 1.5 Ton 5 Star Split Inverter AC  - White,74700.0,35799,1325,1.5,"7,673 Ratings & 831 Reviews",4.1,Whirlpool,5.0
254,254,CARRIER 1.2 Ton 5 Star Split Inverter AC with PM 2.5 Filter  - White,49990.0,34999,1050,1.2,"17,600 Ratings & 2,292 Reviews",4.4,CARRIER,5.0
255,255,SAMSUNG 1 Ton 3 Star Split AC  - White,45990.0,30990,920,1.0,552 Ratings & 53 Reviews,4.1,SAMSUNG,3.0
256,256,SAMSUNG Convertible 1 Ton 3 Star Split Inverter AC  - White,50990.0,31590,624,1.0,"1,420 Ratings & 134 Reviews",4.1,SAMSUNG,3.0
257,257,Blue Star 1.5 Ton 5 Star Split Inverter AC  - White,59990.0,46150,774,1.5,5 Ratings & 1 Reviews,4.8,Blue,5.0
258,258,Panasonic Convertible 7-in-1 with Additional AI Mode Hot & Cold 2023 Model 2 Ton 3 Star Split Inverter...,76900.0,57990,1170,2.0,304 Ratings & 40 Reviews,4.1,Panasonic,3.0
259,259,Voltas 1.5 Ton 5 Star Split Inverter AC  - White,68990.0,42750,1455,1.5,8 Ratings & 2 Reviews,4.6,Voltas,5.0
260,260,SAMSUNG Convertible 1.5 Ton 4 Star Split Inverter AC  - White,65990.0,38990,832,1.5,232 Ratings & 21 Reviews,4.3,SAMSUNG,4.0
261,261,LG Super Convertible 5-in-1 Cooling 2023 Model 1.5 Ton 3 Star Hot and Cold Split AI Dual Inverter 4 Wa...,79990.0,47990,1015,1.5,399 Ratings & 50 Reviews,4.2,LG,3.0
262,262,"Midea 2023 Model 2 Ton 5 Star Split Inverter HD Filter with 2 Way Air Directional Control,Gear Functio...",82090.0,51999,1500,2.0,250 Ratings & 34 Reviews,3.9,Midea,5.0
263,263,Voltas 1.5 Ton 5 Star Window AC  - White,34690.0,30999,1495,1.5,"9,935 Ratings & 926 Reviews",4.3,Voltas,5.0
264,264,"Haier Heavy Duty 2023 Model 2 Ton 3 Star Split Inverter Frost Self Clean, Triple Inverter Plus Technol...",88990.0,52990,2095,2.0,"1,380 Ratings & 167 Reviews",4.0,Haier,3.0
265,265,Thomson 2 Ton 3 Star Split Inverter AC  - White,56499.0,42999,1209,2.0,745 Ratings & 164 Reviews,4.0,Thomson,3.0
266,266,Godrej 1.5 Ton 3 Star Split Inverter AC  - White,50990.0,33986,1700,1.5,108 Ratings & 19 Reviews,4.1,Godrej,3.0
267,267,Hitachi Ice Clean Frost Wash Technology 2023 Model 1.5 Ton 3 Star Split Inverter Xpandable plus Ambien...,63850.0,39999,1024,1.5,24 Ratings & 2 Reviews,3.2,Hitachi,3.0
268,268,Whirlpool 4 in 1 Convertible Cooling 1.5 Ton 5 Star Split Inverter AC  - White,74700.0,35799,1325,1.5,"7,673 Ratings & 831 Reviews",4.1,Whirlpool,5.0
269,269,Godrej 1.5 Ton Split Inverter AC  - White (Chrome),45900.0,34099,1325,1.5,"7,673 Ratings & 831 Reviews",4.1,Godrej,5.0
270,270,Hitachi Ice Clean Frost Wash Technology 2023 Model 1.8 Ton 4 Star Split Inverter Xpandable plus Ambien...,96450.0,57999,1096,1.8,24 Ratings & 2 Reviews,3.2,Hitachi,4.0
271,271,Hitachi 1.5 Ton 5 Star Split Inverter AC  - White,74100.0,45389,1385,1.5,24 Ratings & 2 Reviews,3.2,Hitachi,5.0
272,272,CARRIER Convertible 6-in-1 Cooling 2023 Model 2 Ton 5 Star Split AI Flexicool Inverter Dual Filtration...,91690.0,54999,1500,2.0,"7,406 Ratings & 741 Reviews",4.1,CARRIER,5.0
273,273,Lloyd 1 Ton 3 Star Split Inverter AC  - White,44990.0,31900,745,1.0,22 Ratings & 1 Reviews,3.9,Lloyd,3.0
274,274,Panasonic 2 Ton 3 Star Hot and Cold Split Inverter AC with Wi-fi Connect  - White,76900.0,54990,1170,2.0,304 Ratings & 40 Reviews,4.1,Panasonic,3.0
275,275,LG 1.5 Ton 5 Star Split Dual Inverter AC  - White,65990.0,45520,685,1.5,3 Ratings & 0 Reviews,3.7,LG,5.0
276,276,"Blue Star Convertible 4 in 1 Cooling 2023 Model 1.5 Ton 4 Star Split Inverter Multi Sensors, Stabalize...",69500.0,40990,850,1.5,"13,188 Ratings & 1,434 Reviews",4.2,Blue,4.0
277,277,SAMSUNG Convertible 2 Ton 3 Star Split Inverter AC  - White,77990.0,48999,1145,2.0,694 Ratings & 63 Reviews,4.2,SAMSUNG,3.0
278,278,LG Super Convertible 5-in-1 Cooling 1 Ton 3 Star Split Dual Inverter HD Filter with Anti-Virus Protect...,59990.0,32990,680,1.0,"1,066 Ratings & 83 Reviews",4.0,LG,3.0
279,279,"Blue Star Convertible 4 in 1 Cooling 2023 Model 1 Ton 3 Star Split Inverter Multi Sensors, Stabalizer ...",52000.0,31990,1060,1.0,38 Ratings & 2 Reviews,4.0,Blue,3.0
280,280,TOSHIBA 1 Ton 3 Star Split AC  - White,38800.0,30500,1200,1.0,5 Ratings & 0 Reviews,4.0,TOSHIBA,3.0
281,281,Panasonic Convertible 7-in-1 with Additional AI Mode Cooling 2023 Model 1.5 Ton 5 Star Split Inverter ...,76900.0,54990,774,1.5,304 Ratings & 40 Reviews,4.1,Panasonic,5.0
282,282,Daikin 1.5 Ton 3 Star Window AC  - White,35000.0,33500,1265,1.5,222 Ratings & 29 Reviews,4.2,Daikin,3.0
283,283,Daikin 1 Ton 5 Star Split Inverter AC  - White,55500.0,39950,940,1.0,222 Ratings & 29 Reviews,4.2,Daikin,5.0
284,284,Panasonic 2 Ton 3 Star Split Inverter AC with Wi-fi Connect  - White,69400.0,50990,2090,2.0,"16,011 Ratings & 1,910 Reviews",4.3,Panasonic,3.0
285,285,"Blue Star 1 Ton Portable with Multi Sensors, Self Diagnosis Hydrophilic Gold Fins for Protection AC  -...",39000.0,36900,1403,1.0,"3,942 Ratings & 566 Reviews",3.8,Blue,3.0
286,286,IFB 1.5 Ton 5 Star Split Inverter AC  - White,57640.0,40999,867,1.5,"3,942 Ratings & 566 Reviews",3.8,IFB,5.0
287,287,MOTOROLA 1.5 Ton 5 Star Split Dual Inverter Smart AC with Wi-fi Connect  - Silver,56549.0,37990,865,1.5,"1,049 Ratings & 159 Reviews",4.3,MOTOROLA,5.0
288,288,Midea 1.5 Ton 5 Star Split Inverter AC with Wi-fi Connect  - White,66990.0,39499,1380,1.5,9 Ratings & 1 Reviews,4.3,Midea,5.0
289,289,SAMSUNG Convertible 5-in-1 Cooling Mode 1.5 Ton 4 Star Split Inverter Anti Bacteria Filter AC  - White,62990.0,34490,1490,1.5,194 Ratings & 16 Reviews,4.1,SAMSUNG,4.0
290,290,CARRIER 1.5 Ton 3 Star Split Inverter AC  - White,62990.0,57500,1700,1.5,"2,703 Ratings & 403 Reviews",4.3,CARRIER,3.0
291,291,Daikin 1 Ton 5 Star Split Inverter AC  - White,55500.0,39590,940,1.0,24 Ratings & 2 Reviews,3.7,Daikin,5.0
292,292,Panasonic 1.5 Ton 5 Star Split Inverter AC with Wi-fi Connect  - White,63400.0,46990,774,1.5,304 Ratings & 40 Reviews,4.1,Panasonic,5.0
293,293,SAMSUNG 1.5 Ton 5 Star Split Inverter AC  - White,74990.0,48190,749,1.5,304 Ratings & 40 Reviews,4.1,SAMSUNG,5.0
294,294,Panasonic 1.5 Ton 3 Star Split AC with Wi-fi Connect  - White,55400.0,37909,989,1.5,304 Ratings & 40 Reviews,4.1,Panasonic,3.0
295,295,Thomson 4 in 1 Convertible Cooling 1.5 Ton 5 Star Split Inverter With iBreeze Technology AC  - White,48998.0,33999,1350,1.5,745 Ratings & 164 Reviews,4.0,Thomson,5.0
296,296,"LG 1.5 Ton 3 Star Split Dual Inverter AC  - White, Maroon",53990.0,43000,1740,1.5,237 Ratings & 36 Reviews,4.3,LG,3.0
297,297,Voltas 1.5 Ton 5 Star Split Inverter AC  - White,73990.0,39990,1450,1.5,"16,559 Ratings & 1,553 Reviews",4.2,Voltas,5.0
298,298,Godrej 5-In-1 Convertible Cooling 2023 Model 2 Ton 5 Star Split Inverter with 4-way Air Swing AC AC  -...,69000.0,49490,916,2.0,485 Ratings & 53 Reviews,4.2,Godrej,5.0
299,299,CARRIER 4 in 1 Convertible Cooling 1.5 Ton 5 Star Split Inverter AC  - White,61990.0,40999,1500,1.5,"7,818 Ratings & 953 Reviews",4.4,CARRIER,5.0
300,300,TOSHIBA 1.8 Ton 5 Star Split Inverter AC  - White,74100.0,58490,1850,1.8,3 Ratings & 0 Reviews,5.0,TOSHIBA,5.0
301,301,Panasonic 1 Ton 5 Star Split Inverter AC with Wi-fi Connect  - White,54600.0,39400,523,1.0,304 Ratings & 40 Reviews,4.1,Panasonic,5.0
302,302,ONIDA 1.5 Ton 5 Star Split Inverter AC  - White,62490.0,39999,1415,1.5,64 Ratings & 6 Reviews,4.5,ONIDA,5.0
303,303,TOSHIBA 1.5 Ton 5 Star Split Inverter AC  - White,62000.0,49000,1570,1.5,1 Ratings & 1 Reviews,1.0,TOSHIBA,5.0
304,304,Midea 1.5 Ton 3 Star Split Inverter AC  - White,59790.0,35999,1700,1.5,18 Ratings & 0 Reviews,4.1,Midea,3.0
305,305,MarQ by Flipkart 1 Ton 3 Star Split AC  - White,36999.0,26490,741,1.0,"10,579 Ratings & 1,416 Reviews",4.2,MarQ,3.0
306,306,"Haier Frost Self-Clean 2023 Model 1.5 Ton 4 Star Split Inverter Intelli Smart,ï¿½ Intelli Convertible 7-...",69990.0,36999,1525,1.5,"1,380 Ratings & 167 Reviews",4.0,Haier,4.0
307,307,Daikin 1.5 Ton 3 Star Split Inverter AC with PM 2.5 Filter  - White,58400.0,36999,1670,1.5,"2,330 Ratings & 227 Reviews",4.2,Daikin,3.0
308,308,Thomson 1 Ton 2 Star Split With iBreeze Technology AC  - White,36999.0,27999,732,1.0,22 Ratings & 2 Reviews,3.9,Thomson,2.0
309,309,IFB 7 Stage Air Treatment 1.5 Ton 3 Star Split Inverter PM 0.3 Filter Silver Series AC  - White,49590.0,37990,1088,1.5,"2,030 Ratings & 307 Reviews",4.3,IFB,3.0
310,310,Voltas 2 Ton 3 Star Split Inverter AC  - White,79990.0,46990,1220,2.0,"16,559 Ratings & 1,553 Reviews",4.2,Voltas,3.0
311,311,LG 1.5 Ton 3 Star Split Dual Inverter AC  - White,54990.0,44000,1740,1.5,23 Ratings & 5 Reviews,4.9,LG,3.0
312,312,Daikin 2.02 Ton 3 Star Split Inverter AC with PM 2.5 Filter  - White,86800.0,60350,2410,2.02,5 Ratings & 0 Reviews,4.6,Daikin,3.0
313,313,ONIDA 1 Ton 3 Star Split Inverter AC  - White,48990.0,31999,1090,1.0,64 Ratings & 6 Reviews,4.5,ONIDA,3.0
314,314,Hitachi 1.5 Ton 3 Star Split Inverter AC  - White,61900.0,38590,1940,1.5,64 Ratings & 6 Reviews,4.5,Hitachi,3.0
315,315,LG 1.5 Ton 5 Star Split Dual Inverter AC with Wi-fi Connect  - White,95990.0,50990,749,1.5,64 Ratings & 6 Reviews,4.5,LG,5.0
316,316,Panasonic 1.5 Ton 3 Star Split Inverter AC  - White,54400.0,34790,1870,1.5,64 Ratings & 6 Reviews,4.5,Panasonic,3.0
317,317,LG 1.5 Ton 5 Star Window Dual Inverter AC with Wi-fi Connect  - White,59990.0,40039,1053,1.5,20 Ratings & 0 Reviews,4.3,LG,5.0
318,318,Lloyd 0.8 Ton 3 Star Split Inverter AC  - White,41990.0,28990,585,0.8,"2,293 Ratings & 443 Reviews",4.3,Lloyd,3.0
319,319,MarQ by Flipkart 1.5 Ton 5 Star Split Dual Inverter Smart AC with Wi-fi Connect  - White,56999.0,35500,1118,1.5,334 Ratings & 39 Reviews,4.4,MarQ,5.0
320,320,SAMSUNG Convertible 5-in-1 Cooling 2023 Model 1 Ton 3 Star Split Inverter Wind Free AC with Wi-fi Conn...,53990.0,35099,624,1.0,552 Ratings & 53 Reviews,4.1,SAMSUNG,3.0
321,321,"Whirlpool 1 Ton 3 Star Split AC  - White, Grey",38000.0,28990,980,1.0,"8,140 Ratings & 897 Reviews",4.1,Whirlpool,3.0
322,322,LG 1 Ton 3 Star Split Dual Inverter AC  - White,57990.0,34990,680,1.0,77 Ratings & 10 Reviews,4.1,LG,3.0
323,323,Voltas 0.8 Ton 3 Star Split AC  - White,48990.0,32800,826,0.8,"3,520 Ratings & 391 Reviews",4.1,Voltas,3.0
324,324,SAMSUNG 1 Ton 3 Star Split Inverter AC  - White,40300.0,36500,1060,1.0,472 Ratings & 83 Reviews,4.3,SAMSUNG,3.0
325,325,Panasonic 2 Ton 3 Star Split Inverter AC  - White,67000.0,54500,1870,2.0,25 Ratings & 1 Reviews,4.5,Panasonic,3.0
326,326,Panasonic 2 Ton 3 Star Split AC  - White,59100.0,47500,1710,2.0,10 Ratings & 0 Reviews,3.6,Panasonic,3.0
327,327,SAMSUNG 1.5 Ton 3 Star Split Inverter AC  - White,62990.0,35690,977,1.5,10 Ratings & 0 Reviews,3.6,SAMSUNG,3.0
328,328,CARRIER 1.5 Ton 3 Star Split Air Filtration with High Density Filter AC  - White,62190.0,36499,1445,1.5,"1,280 Ratings & 153 Reviews",4.1,CARRIER,3.0
329,329,Daikin 1.5 Ton 5 Star Window AC  - White,39800.0,38490,1133,1.5,176 Ratings & 19 Reviews,4.2,Daikin,5.0
330,330,Blue Star 1.5 Ton 3 Star Split Inverter AC  - White,55500.0,42500,1980,1.5,64 Ratings & 10 Reviews,4.1,Blue,3.0
331,331,Hisense 4-in-1 Convertible Cooling 2 Ton 3 Star Split Inverter PM 2.5 Filter AC  - White,64990.0,44499,1920,2.0,"1,656 Ratings & 275 Reviews",4.2,Hisense,3.0
332,332,LG 1.5 Ton 3 Star Split Dual Inverter AC  - Floral White,55990.0,43500,1740,1.5,247 Ratings & 43 Reviews,4.3,LG,3.0
333,333,"Hitachi 1.5 Ton 3 Star Split AC  - Gold, White",47690.0,36999,1495,1.5,679 Ratings & 66 Reviews,4.0,Hitachi,3.0
334,334,Blue Star 1.5 Ton 5 Star Split Inverter AC  - White,69000.0,47500,1400,1.5,18 Ratings & 2 Reviews,4.0,Blue,5.0
335,335,SAMSUNG Super Convertible 6-in-1 Cooling 1.5 Ton 5 Star Split Inverter WINDFREE Technology AC  - White,70990.0,46990,1350,1.5,"1,058 Ratings & 106 Reviews",4.1,SAMSUNG,5.0
336,336,Panasonic 1 Ton 5 Star Split Inverter AC with Wi-fi Connect  - White,50600.0,37490,990,1.0,"16,011 Ratings & 1,910 Reviews",4.3,Panasonic,5.0
337,337,Voltas 2 in 1 Convertible Cooling 1.6 Ton 5 Star Split Inverter AC  - White,79990.0,40999,1526,1.6,"16,559 Ratings & 1,553 Reviews",4.2,Voltas,5.0
338,338,Voltas 1 Ton 3 Star Split Inverter AC  - White,56990.0,31490,669,1.0,15 Ratings & 0 Reviews,3.7,Voltas,3.0
339,339,SAMSUNG 1.5 Ton 5 Star Split Inverter AC with Wi-fi Connect  - White,67990.0,42990,1380,1.5,466 Ratings & 57 Reviews,4.2,SAMSUNG,5.0
340,340,Voltas 2 Ton Split Inverter AC  - White,75000.0,48490,1380,2.0,466 Ratings & 57 Reviews,4.2,Voltas,5.0
341,341,SAMSUNG 1.5 Ton 5 Star Split Inverter AC with Wi-fi Connect  - White,67990.0,45990,832,1.5,466 Ratings & 57 Reviews,4.2,SAMSUNG,5.0
342,342,SAMSUNG 1.5 Ton 3 Star Split Inverter AC with Wi-fi Connect  - White,64990.0,38990,977,1.5,466 Ratings & 57 Reviews,4.2,SAMSUNG,3.0
343,343,"Haier Frost Self-Clean 2023 Model 1 Ton 3 Star Split Inverter Intelli Convertible 7-in-1, Triple Inver...",60490.0,34990,1160,1.0,466 Ratings & 57 Reviews,4.2,Haier,3.0
344,344,ONIDA 1.6 Ton 4 Star Split Inverter AC  - White,61990.0,42999,1560,1.6,64 Ratings & 6 Reviews,4.5,ONIDA,4.0
345,345,Blue Star 1.5 Ton 3 Star Window Inverter AC  - White,45000.0,34990,1217,1.5,51 Ratings & 6 Reviews,3.8,Blue,3.0
346,346,Voltas 1.5 Ton 3 Star Split Inverter AC  - White,59900.0,37499,1690,1.5,"16,559 Ratings & 1,553 Reviews",4.2,Voltas,3.0
347,347,"Hitachi 1.5 Ton 5 Star Split Inverter AC with Wi-fi Connect  - White, Gold",69900.0,43950,780,1.5,35 Ratings & 4 Reviews,3.7,Hitachi,5.0
348,348,Whirlpool 1 Ton 5 Star Split Inverter AC  - White,69900.0,51750,920,1.0,"28,823 Ratings & 3,616 Reviews",4.2,Whirlpool,5.0
349,349,SAMSUNG 1.5 Ton 5 Star Split Inverter AC  - White,55990.0,46890,749,1.5,"28,823 Ratings & 3,616 Reviews",4.2,SAMSUNG,5.0
350,350,Daikin 1 Ton 5 Star Split Inverter AC  - White,55200.0,45029,822,1.0,26 Ratings & 4 Reviews,4.2,Daikin,5.0
351,351,Lloyd 1.5 Ton 3 Star Split Inverter AC with Wi-fi Connect  - White,61990.0,35499,1002,1.5,791 Ratings & 148 Reviews,4.2,Lloyd,3.0
352,352,SAMSUNG 1.5 Ton 3 Star Split Inverter AC  - White,46600.0,39500,1780,1.5,329 Ratings & 44 Reviews,4.2,SAMSUNG,3.0
353,353,SAMSUNG 1 Ton 3 Star Split Inverter AC  - White,48200.0,41000,1180,1.0,30 Ratings & 7 Reviews,4.8,SAMSUNG,3.0
354,354,Hitachi 2 Ton 5 Star Split Inverter AC  - Gold,79000.0,56999,2070,2.0,"3,098 Ratings & 314 Reviews",4.0,Hitachi,5.0
355,355,Panasonic 1.5 Ton 5 Star Split Inverter AC with Wi-fi Connect  - White,66000.0,49990,848,1.5,127 Ratings & 24 Reviews,4.3,Panasonic,5.0
356,356,Blue Star 1.5 Ton 5 Star Split Inverter AC  - White,73250.0,45999,1260,1.5,127 Ratings & 24 Reviews,4.3,Blue,5.0
357,357,LIVPURE 1 Ton 3 Star Split Inverter Smart AC with Wi-fi Connect  - White,38990.0,37990,1080,1.0,"2,609 Ratings & 574 Reviews",4.2,LIVPURE,3.0
358,358,TOSHIBA 1.5 Ton 3 Star Split AC  - White,49999.0,35000,1800,1.5,26 Ratings & 4 Reviews,4.2,TOSHIBA,3.0
359,359,SAMSUNG 1.5 Ton 3 Star Split Inverter AC with Wi-fi Connect  - White,62990.0,37490,977,1.5,26 Ratings & 4 Reviews,4.2,SAMSUNG,3.0
360,360,"LG Super Convertible 6-in-1 Cooling 1.5 Ton 5 Star Split Dual Inverter AI, 4 Way Swing, HD Filter with...",75990.0,43990,818,1.5,"9,269 Ratings & 920 Reviews",4.1,LG,5.0
361,361,Lloyd 1.5 Ton 5 Star Split Inverter AC with PM 2.5 Filter  - White,60990.0,42790,1370,1.5,503 Ratings & 57 Reviews,4.2,Lloyd,5.0
362,362,Panasonic 1.5 Ton 3 Star Split Inverter AC  - White,60900.0,39505,1690,1.5,503 Ratings & 57 Reviews,4.2,Panasonic,3.0
363,363,"Godrej 1.5 Ton 5 Star Split Inverter AC with Wi-fi Connect  - White, Gold",55900.0,43490,840,1.5,21 Ratings & 1 Reviews,4.0,Godrej,5.0
364,364,Hitachi 1.5 Ton 3 Star Window AC  - White,34490.0,29999,1277,1.5,814 Ratings & 89 Reviews,3.9,Hitachi,3.0
365,365,Blue Star 1.5 Ton 5 Star Window Inverter AC  - White,50999.0,39499,1082,1.5,51 Ratings & 6 Reviews,3.8,Blue,5.0
366,366,IFB 1.6 Ton 3 Star Split Inverter AC  - White,50090.0,38990,5650,1.6,73 Ratings & 6 Reviews,4.1,IFB,3.0
367,367,Blue Star 1.5 Ton 5 Star Split AC  - White,44100.0,43990,1500,1.5,845 Ratings & 191 Reviews,4.2,Blue,5.0
368,368,Godrej 1 Ton 5 Star Split Inverter AC  - White,50000.0,33900,611,1.0,42 Ratings & 2 Reviews,4.3,Godrej,5.0
369,369,CARRIER 1.5 Ton 3 Star Split Inverter AC  - White,54990.0,35999,1750,1.5,"1,162 Ratings & 105 Reviews",4.3,CARRIER,3.0
370,370,CARRIER 1 Ton 3 Star Window AC  - White,37090.0,28999,1110,1.0,84 Ratings & 7 Reviews,4.2,CARRIER,3.0
371,371,Midea 1.5 Ton 5 Star Split Inverter AC  - White,58500.0,34990,1490,1.5,250 Ratings & 34 Reviews,3.9,Midea,5.0
372,372,Voltas 1 Ton 3 Star Split Inverter AC  - White,56990.0,31490,700,1.0,6 Ratings & 1 Reviews,4.3,Voltas,3.0
373,373,Daikin 1.5 Ton 3 Star Split AC  - White,55600.0,39899,1278,1.5,7 Ratings & 1 Reviews,3.9,Daikin,3.0
374,374,Blue Star 1 Ton 5 Star Split Inverter AC  - White,59990.0,39990,90,1.0,4 Ratings & 0 Reviews,4.5,Blue,5.0
375,375,Haier 1.5 Ton 3 Star Split Inverter AC  - White,65990.0,35990,1089,1.5,"1,380 Ratings & 167 Reviews",4.0,Haier,3.0
376,376,CANDY 1.5 Ton 3 Star Split Inverter AC  - White,61000.0,31999,684,1.5,431 Ratings & 83 Reviews,4.0,CANDY,3.0
377,377,CANDY 1.5 Ton 5 Star Split Inverter AC  - White,71000.0,37990,735,1.5,431 Ratings & 83 Reviews,4.0,CANDY,5.0
378,378,Panasonic Convertible 7-in-1 with Additional AI Mode Cooling 2023 Model 1.5 Ton 4 Star Split Inverter ...,66900.0,45990,885,1.5,304 Ratings & 40 Reviews,4.1,Panasonic,4.0
379,379,Hitachi Ice Clean Frost Wash Technology 2023 Model 1 Ton 3 Star Split Inverter Xpandable plus Ambience...,55050.0,33999,669,1.0,24 Ratings & 2 Reviews,3.2,Hitachi,3.0
380,380,ONIDA 1.5 Ton 3 Star Split Inverter AC  - White,61990.0,38490,1570,1.5,64 Ratings & 6 Reviews,4.5,ONIDA,3.0
381,381,Hitachi Ice Clean Frost Wash Technology 2023 Model 2 Ton 3 Star Split Inverter Xpandable plus Ambience...,81850.0,51999,1397,2.0,24 Ratings & 2 Reviews,3.2,Hitachi,3.0
382,382,Panasonic 1.5 Ton 5 Star Split Inverter AC  - White,57500.0,47000,1350,1.5,153 Ratings & 23 Reviews,4.5,Panasonic,5.0
383,383,Hitachi 1.5 Ton 3 Star Split Inverter AC  - White,63850.0,41900,1940,1.5,153 Ratings & 23 Reviews,4.5,Hitachi,3.0
384,384,Godrej 1.5 Ton 5 Star Split Inverter Convertible 5-in-1 Cooling With Anti-Virus Protection AC  - White...,51900.0,39490,840,1.5,485 Ratings & 53 Reviews,4.2,Godrej,5.0
385,385,Daikin 1.5 Ton 3 Star Split AC with PM 2.5 Filter  - White,55600.0,40910,1278,1.5,"1,442 Ratings & 155 Reviews",4.1,Daikin,3.0
386,386,Daikin 1.5 Ton 5 Star Split Inverter AC  - White,67999.0,46979,1325,1.5,14 Ratings & 3 Reviews,3.9,Daikin,5.0
387,387,Godrej 1.5 Ton 3 Star Window AC  - White,31900.0,26990,1635,1.5,164 Ratings & 22 Reviews,4.0,Godrej,3.0
388,388,IFB 1.5 Ton 3 Star Split Inverter AC with Wi-fi Connect  - White,49490.0,36690,1005,1.5,164 Ratings & 22 Reviews,4.0,IFB,3.0
389,389,Blue Star 1 Ton 2 Star Window AC  - White,31000.0,25490,840,1.0,950 Ratings & 96 Reviews,4.1,Blue,2.0
390,390,Voltas 1.5 Ton 3 Star Split Inverter AC  - White,31000.0,51990,1590,1.5,950 Ratings & 96 Reviews,4.1,Voltas,3.0
391,391,Blue Star 1.5 Ton 3 Star Split Inverter AC  - White,61500.0,35339,1600,1.5,4 Ratings & 0 Reviews,3.5,Blue,3.0
392,392,"Hitachi 1.5 Ton 3 Star Split Inverter AC  - White, Gold",57900.0,36999,1098,1.5,"3,098 Ratings & 314 Reviews",4.0,Hitachi,3.0
393,393,SAMSUNG 1.5 Ton 5 Star Split Inverter AC  - White,61990.0,44900,1350,1.5,"3,098 Ratings & 314 Reviews",4.0,SAMSUNG,5.0
394,394,Voltas 1.5 Ton 3 Star Split Inverter AC  - White,79990.0,42880,1045,1.5,"3,098 Ratings & 314 Reviews",4.0,Voltas,3.0
395,395,"ONIDA 1.5 Ton 3 Star Split Inverter Smart AC with Wi-fi Connect  - Silver, White",41990.0,34999,1600,1.5,960 Ratings & 138 Reviews,4.3,ONIDA,3.0
396,396,SAMSUNG windfree 1 Ton 3 Star Split Inverter AC  - White,50990.0,33990,624,1.0,"1,058 Ratings & 106 Reviews",4.1,SAMSUNG,3.0
397,397,TOSHIBA 1 Ton 5 Star Split Inverter AC  - White,50000.0,39000,1050,1.0,3 Ratings & 0 Reviews,3.7,TOSHIBA,5.0
398,398,CARRIER Flexicool Convertible 4-in-1 Cooling 1.5 Ton 4 Star Split Inverter Dual Filtration with HD and...,68490.0,38490,974,1.5,"7,406 Ratings & 741 Reviews",4.1,CARRIER,4.0
399,399,Hitachi 1.2 Ton 3 Star Split Inverter AC  - White,44190.0,34900,1110,1.2,"7,406 Ratings & 741 Reviews",4.1,Hitachi,3.0
400,400,Voltas 1.5 Ton 3 Star Window AC  - White,34899.0,28240,1649,1.5,"2,586 Ratings & 315 Reviews",4.3,Voltas,3.0
401,401,Lloyd 1.5 Ton 4 Star Window AC  - White,38990.0,28990,1180,1.5,214 Ratings & 36 Reviews,4.2,Lloyd,4.0
402,402,"Godrej 2 Ton 5 Star Split Inverter AC  - White, Black",77900.0,52999,1047,2.0,9 Ratings & 2 Reviews,3.9,Godrej,5.0
403,403,ONIDA 1.5 Ton 3 Star Split Inverter AC  - White,44900.0,33599,1570,1.5,9 Ratings & 2 Reviews,3.9,ONIDA,3.0
404,404,MarQ by Flipkart Convertible 4-in-1 Cooling 1 Ton 3 Star Split Inverter AC  - White,45999.0,27490,712,1.0,779 Ratings & 116 Reviews,4.1,MarQ,3.0
405,405,O General 1.5 Ton 5 Star Split Inverter AC  - White,70530.0,62520,1580,1.5,4 Ratings & 0 Reviews,3.8,O,5.0
406,406,Godrej 1 Ton 3 Star Split Inverter AC  - White,42900.0,29900,752,1.0,50 Ratings & 3 Reviews,4.2,Godrej,3.0
407,407,Panasonic 1.5 Ton 3 Star Split Inverter AC  - White,51500.0,41500,1630,1.5,56 Ratings & 9 Reviews,4.3,Panasonic,3.0
408,408,Hitachi 1.5 Ton 3 Star Split Inverter AC  - Gold,52700.0,36999,1730,1.5,"3,098 Ratings & 314 Reviews",4.0,Hitachi,3.0
409,409,Godrej 1.5 Ton 3 Star Split Inverter AC  - White,54900.0,33999,1785,1.5,"3,098 Ratings & 314 Reviews",4.0,Godrej,3.0
410,410,Lloyd 2 Ton 3 Star Split Inverter AC with Wi-fi Connect  - White,73990.0,46999,1261,2.0,"3,098 Ratings & 314 Reviews",4.0,Lloyd,3.0
411,411,SAMSUNG Convertible 5-in-1 Cooling Mode 1.5 Ton 3 Star Split Inverter Anti Bacteria Filter AC  - White,57990.0,33999,1700,1.5,87 Ratings & 4 Reviews,4.4,SAMSUNG,3.0
412,412,ONIDA 1.5 Ton 3 Star Split Dual Inverter AC  - White,53490.0,31499,1820,1.5,"7,529 Ratings & 907 Reviews",4.3,ONIDA,3.0
413,413,Hitachi 1.5 Ton 3 Star Split Inverter AC  - White,63100.0,37999,1940,1.5,"7,529 Ratings & 907 Reviews",4.3,Hitachi,3.0
414,414,IFB 2 Ton 3 Star Split Inverter AC with Wi-fi Connect  - White,62690.0,47990,1206,2.0,"7,529 Ratings & 907 Reviews",4.3,IFB,3.0
415,415,Lloyd 1 Ton 3 Star Split Inverter AC with Wi-fi Connect  - White,47990.0,32999,698,1.0,258 Ratings & 58 Reviews,4.3,Lloyd,3.0
416,416,"LG 1.5 Ton 5 Star Split Dual Inverter AC  - White, Maroon",56990.0,46500,1440,1.5,237 Ratings & 36 Reviews,4.3,LG,5.0
417,417,Panasonic 1.5 Ton 4 Star Split Inverter AC with Wi-fi Connect  - White,69900.0,52990,1440,1.5,55 Ratings & 8 Reviews,4.2,Panasonic,4.0
418,418,O General 2 Ton 5 Star Split Inverter AC  - White,85260.0,77899,2180,2.0,55 Ratings & 8 Reviews,4.2,O,5.0
419,419,Voltas 1.5 Ton 5 Star Split Inverter AC  - White,68990.0,36980,1355,1.5,"4,562 Ratings & 485 Reviews",4.3,Voltas,5.0
420,420,LG 2 Ton 3 Star Split Dual Inverter Super Convertible 6-in-1 Cooling HD Filter with Anti-Virus Protect...,85990.0,53990,1232,2.0,"5,107 Ratings & 534 Reviews",4.1,LG,3.0
421,421,SAMSUNG 1.5 Ton 5 Star Split AC with Wi-fi Connect  - White,72990.0,44980,1350,1.5,4 Ratings & 1 Reviews,3.0,SAMSUNG,5.0
422,422,Voltas 1.5 Ton 3 Star Split Inverter AC  - White,67990.0,35690,1017,1.5,6 Ratings & 1 Reviews,4.5,Voltas,3.0
423,423,Voltas 2 Ton Split Inverter AC  - White,79990.0,44290,2017,2.0,6 Ratings & 1 Reviews,4.5,Voltas,3.0
424,424,"realme TechLife 4-in-1 Convertible 1.5 Ton 5 Star Split Inverter , AC  - White",56999.0,32999,837,1.5,"1,994 Ratings & 303 Reviews",4.1,realme,5.0
425,425,MarQ by Flipkart 1.5 Ton 3 Star Split Inverter AC  - White,39200.0,29990,989,1.5,"4,681 Ratings & 535 Reviews",4.1,MarQ,3.0
426,426,Panasonic 1 Ton 5 Star Split Inverter AC with Wi-fi Connect  - White,61400.0,45990,1000,1.0,55 Ratings & 8 Reviews,4.2,Panasonic,5.0
427,427,TOSHIBA 1.5 Ton 3 Star Split Inverter AC  - White,54300.0,41500,1660,1.5,22 Ratings & 4 Reviews,3.9,TOSHIBA,3.0
428,428,Daikin 1.8 Ton 5 Star Split Inverter AC  - White,75000.0,61750,1575,1.8,4 Ratings & 0 Reviews,3.5,Daikin,5.0
429,429,Daikin 2.02 Ton 3 Star Split Inverter AC with PM 2.5 Filter  - White,86700.0,63590,2410,2.02,4 Ratings & 0 Reviews,3.5,Daikin,3.0
430,430,Lloyd 1.5 Ton 3 Star Window AC  - White,40990.0,27490,1215,1.5,"1,162 Ratings & 180 Reviews",4.1,Lloyd,3.0
431,431,Panasonic 1 Ton 5 Star Split Inverter AC  - White,45700.0,35990,588,1.0,8 Ratings & 2 Reviews,4.8,Panasonic,5.0
432,432,Lloyd 1.5 Ton 3 Star Window AC  - White,40990.0,27490,1215,1.5,"1,162 Ratings & 180 Reviews",4.1,Lloyd,3.0
433,433,Daikin 1.8 Ton 5 Star Split Inverter AC  - White,75000.0,61750,1575,1.8,4 Ratings & 0 Reviews,3.5,Daikin,5.0
434,434,Godrej 1.5 Ton 3 Star Split Inverter Convertible 5-in-1 Cooling with Anti-Virus Protection AC  - White...,43900.0,32499,1046,1.5,"2,237 Ratings & 216 Reviews",4.0,Godrej,3.0
435,435,"Godrej 1 Ton 3 Star Split Inverter With Anti-Virus Protection AC  - White, Gold",36900.0,29990,752,1.0,"1,113 Ratings & 114 Reviews",4.0,Godrej,3.0
436,436,SAMSUNG 1 Ton 3 Star Split Inverter AC  - White,50990.0,31490,624,1.0,"1,113 Ratings & 114 Reviews",4.0,SAMSUNG,3.0
437,437,LG 1.5 Ton 5 Star Split Dual Inverter AC with Wi-fi Connect  - White,75990.0,54980,818,1.5,3 Ratings & 0 Reviews,4.7,LG,5.0
438,438,Blue Star 1.5 Ton 5 Star Split Inverter AC  - White,51493.0,42850,1375,1.5,367 Ratings & 44 Reviews,4.3,Blue,5.0
439,439,LG 1 Ton 4 Star Split Dual Inverter AC with Wi-fi Connect  - White,59990.0,42000,604,1.0,17 Ratings & 3 Reviews,4.6,LG,4.0
440,440,ONIDA 1 Ton 5 Star Split Inverter AC  - White,53990.0,33999,820,1.0,100 Ratings & 16 Reviews,4.5,ONIDA,5.0
441,441,SAMSUNG 1.5 Ton 5 Star Split Inverter AC with Wi-fi Connect  - White,75990.0,47499,749,1.5,100 Ratings & 16 Reviews,4.5,SAMSUNG,5.0
442,442,Blue Star 1.5 Ton 3 Star Split AC  - White,49500.0,40999,1450,1.5,"1,483 Ratings & 168 Reviews",4.4,Blue,3.0
443,443,Voltas 1.5 Ton 4 Star Split Inverter AC  - White,71990.0,37449,966,1.5,"1,483 Ratings & 168 Reviews",4.4,Voltas,4.0
444,444,IFB 1.5 Ton 5 Star Split Inverter AC  - White,54390.0,42990,2590,1.5,254 Ratings & 37 Reviews,4.2,IFB,5.0
445,445,Daikin 1.8 Ton 5 Star Split Inverter AC with PM 2.5 Filter with Wi-fi Connect  - White,88900.0,67100,1575,1.8,254 Ratings & 37 Reviews,4.2,Daikin,5.0
446,446,Lloyd 2 Ton 5 Star Split Inverter AC  - White,79990.0,53999,1757,2.0,254 Ratings & 37 Reviews,4.2,Lloyd,5.0
447,447,Blue Star 1.5 Ton 3 Star Split Inverter AC  - White,61500.0,35339,1600,1.5,4 Ratings & 0 Reviews,3.5,Blue,3.0
448,448,Hitachi Ice Clean Frost Wash Technology 2023 Model 1.8 Ton 3 Star Split Inverter Xpandable plus Ambien...,73300.0,47499,1251,1.8,"1,378 Ratings & 112 Reviews",3.9,Hitachi,3.0
449,449,LG 1.5 Ton Window Inverter AC  - White,60999.0,34554,1251,1.5,9 Ratings & 1 Reviews,4.2,LG,3.0
450,450,LIVPURE 1.5 Ton 3 Star Split Inverter Smart AC with Wi-fi Connect  - White,44990.0,36990,1600,1.5,"2,609 Ratings & 574 Reviews",4.2,LIVPURE,3.0
451,451,Godrej 1.5 Ton 3 Star Split Inverter AC  - White,58000.0,39500,1750,1.5,"2,237 Ratings & 216 Reviews",4.0,Godrej,3.0
452,452,Daikin 1.5 Ton 3 Star Split Inverter AC with PM 2.5 Filter  - White,61300.0,41590,1670,1.5,"2,237 Ratings & 216 Reviews",4.0,Daikin,3.0
453,453,Voltas 2 Ton 3 Star Split Inverter AC  - White,74264.0,47900,1670,2.0,39 Ratings & 5 Reviews,4.0,Voltas,3.0
454,454,Hitachi 1.5 Ton 5 Star Split Inverter AC  - White,60500.0,46999,1540,1.5,39 Ratings & 5 Reviews,4.0,Hitachi,5.0
455,455,Panasonic 1.5 Ton 5 Star Split Inverter AC with Wi-fi Connect  - White,66900.0,46820,1660,1.5,39 Ratings & 5 Reviews,4.0,Panasonic,5.0
456,456,Blue Star 1.5 Ton 3 Star Window AC  - White,39500.0,29990,1168,1.5,950 Ratings & 96 Reviews,4.1,Blue,3.0
457,457,Panasonic 1.5 Ton 5 Star Window Inverter AC  - White,49900.0,36210,1086,1.5,3 Ratings & 0 Reviews,3.7,Panasonic,5.0
458,458,SAMSUNG 1.5 Ton 5 Star Split Inverter AC  - White,71990.0,44790,749,1.5,3 Ratings & 0 Reviews,3.7,SAMSUNG,5.0
459,459,Daikin 1.8 Ton 3 Star Split Inverter AC  - White,72900.0,51099,1950,1.8,3 Ratings & 0 Reviews,3.7,Daikin,3.0
460,460,Daikin 1.5 Ton 5 Star Split Inverter AC  - White,73800.0,58450,1325,1.5,3 Ratings & 0 Reviews,3.7,Daikin,5.0
461,461,Lloyd 1.5 Ton 5 Star Window AC  - White,54990.0,35499,1072,1.5,3 Ratings & 0 Reviews,3.7,Lloyd,5.0
462,462,SAMSUNG 1.5 Ton 3 Star Split Inverter AC  - White,62900.0,56500,1860,1.5,30 Ratings & 7 Reviews,4.8,SAMSUNG,3.0
463,463,Blue Star 1.5 Ton 5 Star Split Inverter AC  - White,52900.0,49300,1295,1.5,121 Ratings & 10 Reviews,4.2,Blue,5.0
464,464,LG 1.5 Ton 5 Star Split Dual Inverter AC with Wi-fi Connect  - White,78990.0,48400,685,1.5,121 Ratings & 10 Reviews,4.2,LG,5.0
465,465,Frigidaire convertible 4-in-1 cooling 1.5 Ton 3 Star Split Inverter AC  - White,57980.0,30999,1610,1.5,121 Ratings & 10 Reviews,4.2,Frigidaire,3.0
466,466,Blue Star 2 Ton 5 Star Split Inverter AC  - White,80000.0,59990,555,2.0,121 Ratings & 10 Reviews,4.2,Blue,5.0
467,467,Intex 1.5 Ton 3 Star Window AC  - White,25000.0,23500,1680,1.5,7 Ratings & 0 Reviews,3.6,Intex,3.0
468,468,Panasonic 1.5 Ton 3 Star Split Inverter AC  - White,55400.0,38619,1695,1.5,7 Ratings & 0 Reviews,3.6,Panasonic,3.0
469,469,Blue Star 1.5 Ton 3 Star Split Inverter AC  - White,59000.0,37890,975,1.5,"13,188 Ratings & 1,434 Reviews",4.2,Blue,3.0
470,470,Daikin 1.8 Ton 1 Star Split AC  - White,61600.0,43450,1855,1.8,"13,188 Ratings & 1,434 Reviews",4.2,Daikin,1.0
471,471,Hitachi 1 Ton 5 Star Split Inverter AC  - White,62600.0,41500,875,1.0,"13,188 Ratings & 1,434 Reviews",4.2,Hitachi,5.0
472,472,Blue Star 1.5 Ton Split Inverter AC  - White,69500.0,44490,875,1.5,"13,188 Ratings & 1,434 Reviews",4.2,Blue,5.0
473,473,Haier 1.5 Ton Split Triple Inverter AC  - White,65000.0,36899,875,1.5,"13,188 Ratings & 1,434 Reviews",4.2,Haier,5.0
474,474,IFB 7 Stage Air Treatment 1.5 Ton 3 Star Split Inverter PM 0.3 Filter Gold Series AC  - White,49490.0,39490,1119,1.5,284 Ratings & 51 Reviews,4.3,IFB,3.0
475,475,Haier 1 Ton 3 Star Split Inverter AC  - White,59490.0,34490,732,1.0,284 Ratings & 51 Reviews,4.3,Haier,3.0
476,476,Haier 1.2 Ton 3 Star Split Inverter AC  - White,60990.0,32490,823,1.2,"1,380 Ratings & 167 Reviews",4.0,Haier,3.0
477,477,Voltas 1.5 Ton 3 Star Split AC  - White,51990.0,38200,1450,1.5,"2,655 Ratings & 227 Reviews",4.1,Voltas,3.0
478,478,Voltas 2 Ton 3 Star Split Inverter AC  - White,74999.0,48950,2050,2.0,"2,655 Ratings & 227 Reviews",4.1,Voltas,3.0
479,479,Voltas 1.5 Ton 3 Star Split Inverter AC  - White,60190.0,29980,2050,1.5,"16,559 Ratings & 1,553 Reviews",4.2,Voltas,3.0
480,480,Blue Star 2 Ton 5 Star Split Inverter AC  - White,79900.0,56990,1770,2.0,23 Ratings & 0 Reviews,4.4,Blue,5.0
481,481,"Hitachi 1.8 Ton 3 Star Split Inverter AC  - White, Gold",69600.0,45999,1236,1.8,405 Ratings & 40 Reviews,3.8,Hitachi,3.0
482,482,SAMSUNG 1.5 Ton 5 Star Split Inverter AC  - White,52000.0,46350,749,1.5,405 Ratings & 40 Reviews,3.8,SAMSUNG,5.0
483,483,LG 1.5 Ton 4 Star Split Dual Inverter AC  - White,71990.0,43450,838,1.5,405 Ratings & 40 Reviews,3.8,LG,4.0
484,484,Godrej 1.5 Ton 3 Star Split Inverter AC  - White,48900.0,32219,1785,1.5,405 Ratings & 40 Reviews,3.8,Godrej,3.0
485,485,Godrej 2 Ton 3 Star Split Inverter AC  - White,69900.0,48990,1785,2.0,12 Ratings & 0 Reviews,3.5,Godrej,3.0
486,486,SAMSUNG 1.5 Ton 3 Star Split Inverter AC  - White,57990.0,34499,1044,1.5,"24,187 Ratings & 2,404 Reviews",4.2,SAMSUNG,3.0
487,487,Lloyd 1.5 Ton 3 Star Split Inverter AC  - White,60990.0,36990,1835,1.5,4 Ratings & 0 Reviews,3.8,Lloyd,3.0
488,488,Panasonic Convertible 7-in-1 with Additional AI Mode Cooling 2023 Model 1.5 Ton 5 Star Split Inverter ...,72900.0,49990,774,1.5,270 Ratings & 28 Reviews,4.1,Panasonic,5.0
489,489,Lloyd 1 Ton 5 Star Split Inverter AC with Wi-fi Connect  - White,57990.0,39989,678,1.0,24 Ratings & 2 Reviews,2.5,Lloyd,5.0
490,490,Voltas 1.5 Ton 3 Star Split Inverter AC  - White,68990.0,34790,1550,1.5,3 Ratings & 0 Reviews,2.3,Voltas,3.0
491,491,Lloyd 2 Ton 3 Star Split Inverter AC  - White,73990.0,48390,1263,2.0,766 Ratings & 82 Reviews,4.0,Lloyd,3.0
492,492,"Hitachi 1.5 Ton 5 Star Split Inverter AC  - White, Gold",60090.0,49600,1449,1.5,83 Ratings & 7 Reviews,4.1,Hitachi,5.0
493,493,Voltas 1.5 Ton 4 Star Split Inverter AC  - White,69990.0,38599,1540,1.5,"16,559 Ratings & 1,553 Reviews",4.2,Voltas,4.0
494,494,MarQ by Flipkart Convertible 4-in-1 Cooling 1.5 Ton 5 Star Split Inverter AC  - White,56999.0,33499,857,1.5,"1,996 Ratings & 239 Reviews",4.0,MarQ,5.0
495,495,Blue Star 1.5 Ton 3 Star Window AC  - White,39500.0,31450,1168,1.5,"1,996 Ratings & 239 Reviews",4.0,Blue,3.0
496,496,"Blue Star 1 Ton 3 Star Split Inverter AC  - Silver, White",45000.0,34500,1122,1.0,53 Ratings & 5 Reviews,4.4,Blue,3.0
497,497,Blue Star Convertible 4 in 1 Cooling 2023 Model 1.5 Ton 5 Star Split Inverter WiFi Inverter AC Multi S...,71750.0,48700,1345,1.5,53 Ratings & 5 Reviews,4.4,Blue,5.0
498,498,Voltas 2 Ton 2 Star Window AC  - White,50990.0,34990,1542,2.0,10 Ratings & 0 Reviews,3.7,Voltas,2.0
499,499,"Godrej 1.5 Ton 3 Star Split Inverter AC  - White, Gold",47900.0,37990,1046,1.5,21 Ratings & 2 Reviews,4.2,Godrej,3.0
500,500,CARRIER 2 Ton 3 Star Split Inverter AC  - White,82490.0,52669,2098,2.0,21 Ratings & 2 Reviews,4.2,CARRIER,3.0
501,501,Blue Star 1.5 Ton 3 Star Split Inverter AC  - White,52250.0,35490,1750,1.5,11 Ratings & 1 Reviews,4.6,Blue,3.0
502,502,Lloyd 1.2 Ton 3 Star Split Inverter AC  - White,51990.0,32990,918,1.2,"2,293 Ratings & 443 Reviews",4.3,Lloyd,3.0
503,503,Lloyd 1 Ton 3 Star Window AC  - White,33990.0,29989,808,1.0,8 Ratings & 1 Reviews,5.0,Lloyd,3.0
504,504,Lloyd 1 Ton 3 Star Window AC  - White,33990.0,29989,808,1.0,8 Ratings & 1 Reviews,5.0,Lloyd,3.0
505,505,"CARRIER Flexicool Convertible 4-in-1 Cooling 1.2 Ton 5 Star Split Inverter Auto Cleanser, Dual Filtrat...",64590.0,38999,1050,1.2,"7,818 Ratings & 953 Reviews",4.4,CARRIER,5.0
506,506,Blue Star 1.5 Ton 5 Star Split Inverter AC  - White,66500.0,48900,1375,1.5,13 Ratings & 2 Reviews,4.2,Blue,5.0
507,507,CANDY 1.5 Ton 3 Star Window AC  - White,39000.0,26990,1180,1.5,4 Ratings & 0 Reviews,5.0,CANDY,3.0
508,508,CARRIER 1 Ton 3 Star Window AC  - White,29845.0,27000,1120,1.0,"1,389 Ratings & 177 Reviews",4.3,CARRIER,3.0
509,509,Blue Star 1 Ton 3 Star Split Inverter AC  - White,49500.0,34900,669,1.0,"2,255 Ratings & 225 Reviews",4.2,Blue,3.0
510,510,Haier 1.5 Ton 4 Star Split Inverter AC  - White,65000.0,37485,1630,1.5,"2,255 Ratings & 225 Reviews",4.2,Haier,4.0
511,511,Lloyd 1.5 Ton 3 Star Split Inverter AC  - White,63990.0,37680,1043,1.5,"2,255 Ratings & 225 Reviews",4.2,Lloyd,3.0
512,512,Hitachi 1.5 Ton 5 Star Split Inverter Expandable AC  - Gold,60500.0,43999,1540,1.5,"3,098 Ratings & 314 Reviews",4.0,Hitachi,5.0
513,513,Lloyd 1.5 Ton 3 Star Split Inverter AC  - White,59990.0,37399,1002,1.5,"2,293 Ratings & 443 Reviews",4.3,Lloyd,3.0
514,514,Lloyd 1.25 Ton 3 Star Split Inverter AC  - White,52990.0,34999,1485,1.25,775 Ratings & 92 Reviews,4.3,Lloyd,3.0
515,515,LG 1.5 Ton 5 Star Split Dual Inverter AC  - White,60000.0,49990,1485,1.5,775 Ratings & 92 Reviews,4.3,LG,5.0
516,516,Daikin 1.8 Ton 3 Star Split Inverter AC  - White,69300.0,51400,1202,1.8,775 Ratings & 92 Reviews,4.3,Daikin,3.0
517,517,SAMSUNG 2 Ton 3 Star Split Inverter AC with Wi-fi Connect  - White,70990.0,53190,1145,2.0,775 Ratings & 92 Reviews,4.3,SAMSUNG,3.0
518,518,Voltas 2 Ton 3 Star Split Inverter AC  - White,75000.0,48490,2000,2.0,36 Ratings & 1 Reviews,4.0,Voltas,3.0
519,519,O General 2 Ton 2 Star Window AC  - White,52900.0,51500,2220,2.0,36 Ratings & 1 Reviews,4.0,O,2.0
520,520,Panasonic 1.5 Ton 5 Star Split Inverter AC with Wi-fi Connect  - White,54500.0,44990,848,1.5,8 Ratings & 1 Reviews,3.9,Panasonic,5.0
521,521,SAMSUNG 1.5 Ton 3 Star Split Inverter AC  - White,69990.0,37980,977,1.5,8 Ratings & 1 Reviews,3.9,SAMSUNG,3.0
522,522,Panasonic 1 Ton 3 Star Split AC  - White,48100.0,32150,915,1.0,8 Ratings & 1 Reviews,3.9,Panasonic,3.0
523,523,Blue Star 2 Ton 3 Star Split AC  - White,60000.0,58900,1800,2.0,34 Ratings & 0 Reviews,4.1,Blue,3.0
524,524,Lloyd 1.5 Ton 3 Star Window AC  - White,40990.0,29190,1621,1.5,4 Ratings & 0 Reviews,4.8,Lloyd,3.0
525,525,Daikin 1.8 Ton 3 Star Split Inverter AC  - White,63700.0,52250,2000,1.8,28 Ratings & 4 Reviews,4.0,Daikin,3.0
526,526,Panasonic Convertible 7-in-1 with Additional AI Mode Cooling 2023 Model Desert Series 2.2 Ton 4 Star S...,87900.0,69979,1351,2.2,304 Ratings & 40 Reviews,4.1,Panasonic,4.0
527,527,Voltas 2 Ton 5 Star Split Inverter AC  - White,85990.0,57900,1351,2.0,47 Ratings & 1 Reviews,4.3,Voltas,5.0
528,528,"Hitachi 1.5 Ton 5 Star Split Inverter AC  - Gold, White",60500.0,45190,1540,1.5,47 Ratings & 1 Reviews,4.3,Hitachi,5.0
529,529,"LG 1 Ton 3 Star Split Dual Inverter AC  - White, Maroon",47990.0,35990,1080,1.0,237 Ratings & 36 Reviews,4.3,LG,3.0
530,530,Panasonic 1.5 Ton 4 Star Split Inverter AC  - White,66990.0,40999,1455,1.5,237 Ratings & 36 Reviews,4.3,Panasonic,4.0
531,531,Blue Star 1.5 Ton 3 Star Split Inverter AC  - White,58000.0,42500,1455,1.5,4 Ratings & 1 Reviews,4.0,Blue,3.0
532,532,CARRIER 1.5 Ton 4 Star Window AC  - White,43090.0,29999,1558,1.5,890 Ratings & 88 Reviews,4.3,CARRIER,4.0
533,533,Blue Star 2 Ton 3 Star Window AC  - White,44000.0,39999,2108,2.0,"3,006 Ratings & 381 Reviews",4.2,Blue,3.0
534,534,VG 1.5 Ton 2 Star Split AC  - White,39000.0,30990,1123,1.5,"3,006 Ratings & 381 Reviews",4.2,VG,2.0
535,535,IFB 1.5 Ton 3 Star Split Inverter AC  - White,44500.0,41500,1840,1.5,8 Ratings & 1 Reviews,4.6,IFB,3.0
536,536,Blue Star 1.5 Ton 5 Star Split Inverter AC  - White,69500.0,43890,1456,1.5,40 Ratings & 5 Reviews,3.9,Blue,5.0
537,537,Lloyd 1.5 Ton 4 Star Split Inverter AC  - White,59990.0,38975,972,1.5,5 Ratings & 1 Reviews,4.4,Lloyd,4.0
538,538,Haier 1.5 Ton 5 Star Split Inverter AC  - White,65000.0,45990,1440,1.5,39 Ratings & 2 Reviews,4.1,Haier,5.0
539,539,Panasonic 1.5 Ton 3 Star Split Inverter AC with Wi-fi Connect  - White,57900.0,35999,1660,1.5,39 Ratings & 2 Reviews,4.1,Panasonic,3.0
540,540,Daikin 1.8 Ton 4 Star Split Inverter AC  - White,72900.0,53199,1950,1.8,13 Ratings & 2 Reviews,3.8,Daikin,4.0
541,541,ONIDA 1.5 Ton 3 Star Split Inverter AC  - White,54990.0,32990,1740,1.5,"3,188 Ratings & 545 Reviews",4.5,ONIDA,3.0
542,542,Blue Star 2 Ton 5 Star Split Inverter AC  - White,76000.0,58999,1770,2.0,14 Ratings & 3 Reviews,3.9,Blue,5.0
543,543,Daikin 1.5 Ton 3 Star Split Inverter with PM 2.5 Filter AC with PM 2.5 Filter  - White,51000.0,42900,1752,1.5,538 Ratings & 47 Reviews,4.3,Daikin,3.0
544,544,Lloyd 1 Ton 3 Star Split Inverter AC  - White,44990.0,32989,745,1.0,650 Ratings & 93 Reviews,4.3,Lloyd,3.0
545,545,Lloyd 1.5 Ton 5 Star Window AC  - White,45990.0,33890,114,1.5,12 Ratings & 3 Reviews,3.7,Lloyd,5.0
546,546,"LG Convertible 4-in-1 Cooling 1.5 Ton 3 Star Window Dual Inverter HD Filter, Clean Filter Indicator AC...",60990.0,34549,1114,1.5,871 Ratings & 95 Reviews,4.0,LG,3.0
547,547,LG 1 Ton 3 Star Split Inverter AC  - White,40990.0,34000,90,1.0,77 Ratings & 13 Reviews,4.4,LG,3.0
548,548,Voltas 2 in 1 Convertible Cooling 1.2 Ton 3 Star Split Inverter Expandable AC  - White,54990.0,30999,1430,1.2,"16,559 Ratings & 1,553 Reviews",4.2,Voltas,3.0
549,549,Whirlpool 1.5 Ton 3 Star Split Inverter AC  - White,65000.0,42000,2100,1.5,17 Ratings & 2 Reviews,4.3,Whirlpool,3.0
550,550,MarQ by Flipkart 1.5 Ton 3 Star Split AC  - White,44999.0,30999,1093,1.5,"10,579 Ratings & 1,416 Reviews",4.2,MarQ,3.0
551,551,"Haier Frost Self-Clean 2023 Model 1.5 Ton 3 Star Split Inverter Intelli Convertible 7-in-1, Cooling at...",66490.0,36490,1680,1.5,"10,579 Ratings & 1,416 Reviews",4.2,Haier,3.0
552,552,MarQ by Flipkart 1.5 Ton 3 Star Split AC  - White,44999.0,30999,1093,1.5,"10,579 Ratings & 1,416 Reviews",4.2,MarQ,3.0
553,553,"Haier Frost Self-Clean 2023 Model 1.5 Ton 3 Star Split Inverter Intelli Convertible 7-in-1, Cooling at...",66490.0,36490,1680,1.5,"10,579 Ratings & 1,416 Reviews",4.2,Haier,3.0
554,554,Daikin 1 Ton 3 Star Split Inverter with PM 2.5 Filter AC with PM 2.5 Filter  - White,49990.0,36690,1200,1.0,14 Ratings & 0 Reviews,3.8,Daikin,3.0
555,555,Hitachi 1.5 Ton 3 Star Split Inverter AC  - White,57900.0,36990,1475,1.5,22 Ratings & 1 Reviews,3.8,Hitachi,3.0
556,556,Panasonic 1.5 Ton 3 Star Window Inverter AC  - White,42500.0,35770,1185,1.5,22 Ratings & 1 Reviews,3.8,Panasonic,3.0
557,557,Panasonic 1.5 Ton 5 Star Split Inverter AC with Wi-fi Connect  - White,54500.0,44990,1435,1.5,22 Ratings & 1 Reviews,3.8,Panasonic,5.0
558,558,Daikin 1.5 Ton Split Inverter AC  - White,58400.0,39990,1435,1.5,22 Ratings & 1 Reviews,3.8,Daikin,5.0
559,559,Godrej 4-Way Air Swing 1.5 Ton 3 Star Split with Anti-Dust Filter AC  - White,47990.0,33190,1045,1.5,132 Ratings & 17 Reviews,4.3,Godrej,3.0
560,560,Haier 2 Ton 3 Star Split Inverter AC  - White,79990.0,55600,880,2.0,132 Ratings & 17 Reviews,4.3,Haier,3.0
561,561,Haier 1.5 Ton Split AC  - White,60990.0,33999,880,1.5,132 Ratings & 17 Reviews,4.3,Haier,3.0
562,562,"Haier UVC Sterilization 2023 Model 1.6 Ton 5 Star Split Inverter Frost Self-clean technology, Superson...",79990.0,43999,1455,1.6,132 Ratings & 17 Reviews,4.3,Haier,5.0
563,563,Panasonic 1.5 Ton 5 Star Split Inverter AC  - White,67400.0,49980,1290,1.5,132 Ratings & 17 Reviews,4.3,Panasonic,5.0
564,564,Lloyd 1 Ton 3 Star Split Inverter AC  - White,44490.0,30999,711,1.0,132 Ratings & 17 Reviews,4.3,Lloyd,3.0
565,565,Voltas 1.5 Ton 3 Star Split Inverter AC  - White,61000.0,35300,1690,1.5,"1,972 Ratings & 187 Reviews",4.1,Voltas,3.0
566,566,"Blue Star Convertible 4 in 1 Cooling 2023 Model 2 Ton 3 Star Split Inverter Multi Sensors, Stabalizer ...",71750.0,48890,2025,2.0,3 Ratings & 0 Reviews,4.7,Blue,3.0
567,567,Godrej 2 Ton 3 Star Hot and Cold Split Inverter AC  - White,55990.0,42990,1201,2.0,3 Ratings & 0 Reviews,4.7,Godrej,3.0
568,568,Lloyd 2 Ton 5 Star Split Inverter AC with Wi-fi Connect  - White,79990.0,54490,1810,2.0,5 Ratings & 0 Reviews,3.4,Lloyd,5.0
569,569,LG 1.5 Ton Split Dual Inverter AC  - White,75990.0,44990,1810,1.5,5 Ratings & 0 Reviews,3.4,LG,5.0
570,570,Daikin 1.5 Ton 3 Star Hot and Cold Split Inverter AC  - White,52290.0,47890,999,1.5,22 Ratings & 2 Reviews,4.4,Daikin,3.0
571,571,Godrej 1.5 Ton 3 Star Split AC  - White,42900.0,38900,1149,1.5,25 Ratings & 3 Reviews,4.4,Godrej,3.0
572,572,LG 1.5 Ton 3 Star Split Dual Inverter AC  - White,68990.0,37499,1600,1.5,18 Ratings & 1 Reviews,3.7,LG,3.0
573,573,Voltas 1.5 Ton 3 Star Split Inverter adjustible AC  - White,59990.0,34990,1036,1.5,20 Ratings & 1 Reviews,4.3,Voltas,3.0
574,574,Godrej 5-In-1 Convertible Cooling 1.5 Ton 3 Star Split Inverter Anti-Leak AC  - White,48899.0,33249,980,1.5,"1,113 Ratings & 114 Reviews",4.0,Godrej,3.0
575,575,Voltas 2 Ton Split Inverter AC  - White,93999.0,55789,980,2.0,"1,113 Ratings & 114 Reviews",4.0,Voltas,3.0
