,Product_Name,Original_Price(in Rs),Discount_Price(in Rs),Power_consumption(Watts),Capacity,Reviews,Rating,Brand,Energy_consumption
0,Voltas 1.5 Ton 5 Star Split Inverter AC  - White,75990,39490,751,1.5,"16,559 Ratings & 1,553 Reviews",4.2,Voltas,5
1,"LG Convertible 5-in-1 Cooling 2023 Model 1.5 Ton 3 Star Split Dual Inverter 2 Way Swing, HD Filter wit...",78990,35990,852,1.5,"1,731 Ratings & 209 Reviews",4.2,LG,3
2,Lloyd 1.2 Ton 3 Star Split Inverter AC  - White,54990,30490,854,1.2,"4,805 Ratings & 874 Reviews",4.2,Lloyd,3
3,"LG AI Convertible 6-in-1 Cooling 2023 Model 1.5 Ton 3 Star Split AI Dual Inverter 2 Way Swing, HD Filt...",68990,35990,968,1.5,"4,830 Ratings & 458 Reviews",4.1,LG,3
4,Daikin 1.5 Ton 3 Star Split Inverter AC  - White,58400,36999,967,1.5,724 Ratings & 57 Reviews,4,Daikin,3
5,Lloyd 0.8 Ton 3 Star Split Inverter AC  - White,47990,26999,549,0.8,"4,805 Ratings & 874 Reviews",4.2,Lloyd,3
6,"Blue Star Convertible 5 in 1 Cooling 2023 Model 1.5 Ton 3 Star Split Inverter Multi Sensors, Stabalize...",62250,35990,1002,1.5,"13,188 Ratings & 1,434 Reviews",4.2,Blue,3
7,"LG AI Convertible 6-in-1 Cooling 2023 Model 1.5 Ton 5 Star Split AI Dual Inverter 4 Way Swing, HD Filt...",75990,44490,685,1.5,"9,269 Ratings & 920 Reviews",4.1,LG,5
8,realme TechLife 2023 Range 1 Ton 4 Star Split Inverter 4-in-1 Convertible with Flexi-Control Technolog...,48999,27499,965,1,"1,706 Ratings & 236 Reviews",4,realme,4
9,"Blue Star Convertible 5 in 1 Cooling 2023 Model 1.5 Ton 5 Star Split Inverter Multi Sensors, Stabalize...",73000,43980,770,1.5,"13,188 Ratings & 1,434 Reviews",4.2,Blue,5
10,MarQ by Flipkart 2023 Range 1.5 Ton 3 Star Split Inverter 4-in-1 Convertible with Turbo Cool Technolog...,52999,28999,1620,1.5,743 Ratings & 113 Reviews,4,MarQ,3
11,Panasonic Convertible 7-in-1 with Additional AI Mode Cooling 2023 Model 1.5 Ton 5 Star Split Inverter ...,63400,44490,774,1.5,"16,011 Ratings & 1,910 Reviews",4.3,Panasonic,5
12,"LG Convertible 6-in-1 Cooling 2023 Model 1.5 Ton 4 Star Split Dual Inverter 4 Way Swing, HD Filter wit...",81990,39990,837,1.5,"9,269 Ratings & 920 Reviews",4.1,LG,4
13,Godrej 5-in-1 Convertible Cooling 2023 Model 1.5 Ton 3 Star Split Inverter i-sense Technology with Blu...,46900,31999,980,1.5,"2,237 Ratings & 216 Reviews",4,Godrej,3
14,Panasonic Convertible 7-in-1 with Additional AI Mode Cooling 2023 Model 1.5 Ton 3 Star Split Inverter ...,55400,36490,1002,1.5,"16,011 Ratings & 1,910 Reviews",4.3,Panasonic,3
15,SAMSUNG Convertible 5-in-1 Cooling 2023 Model 1 Ton 3 Star Split Inverter AC  - White,50990,31499,624,1,"5,037 Ratings & 454 Reviews",4.1,SAMSUNG,3
16,Whirlpool Convertible 4-in-1 Cooling 2023 Model 1 Ton 3 Star Split Inverter 6th Sense Technology AC  -...,57700,29990,1070,1,"3,533 Ratings & 293 Reviews",3.9,Whirlpool,3
17,SAMSUNG Convertible 5-in-1 Cooling 2023 Model 1.5 Ton 3 Star Split Inverter AC  - White,60990,35490,977,1.5,"5,037 Ratings & 454 Reviews",4.1,SAMSUNG,3
18,Lloyd 1.5 Ton 3 Star Split Inverter AC  - White,59990,32790,1002,1.5,"2,293 Ratings & 443 Reviews",4.3,Lloyd,3
19,MarQ by Flipkart 2023 Range 1.5 Ton 3 Star Split Inverter 4-in-1 Convertible with Turbo Cool Technolog...,50999,29999,1660,1.5,"3,180 Ratings & 374 Reviews",4.1,MarQ,3
20,Whirlpool Convertible 4-in-1 Cooling 2023 Model 1.5 Ton 5 Star Split Inverter 6th Sense Technology AC ...,70600,38990,1260,1.5,"3,533 Ratings & 293 Reviews",3.9,Whirlpool,5
21,Voltas 1.5 Ton 3 Star Split Inverter AC  - White,40100,33380,975,1.5,78 Ratings & 11 Reviews,4,Voltas,3
22,Lloyd 1.5 Ton 4 Star Split Inverter AC  - White,63990,36499,863,1.5,"4,805 Ratings & 874 Reviews",4.2,Lloyd,4
23,Hitachi Ice Clean Frost Wash Technology 2023 Model 1.5 Ton 3 Star Split Inverter Xpandable plus Ambien...,63100,37490,1024,1.5,"1,378 Ratings & 112 Reviews",3.9,Hitachi,3
24,SAMSUNG Convertible 5-in-1 Cooling 2023 Model 1 Ton 3 Star Split Inverter AC with Wi-fi Connect  - Whi...,50990,32990,624,1,"1,185 Ratings & 108 Reviews",4,SAMSUNG,3
25,CARRIER 0.8 Ton 3 Star Split Inverter Cold Catalyst Filter with Auto cleanser(2023 Model) AC  - White,55690,26999,526,0.8,"7,406 Ratings & 741 Reviews",4.1,CARRIER,3
26,Godrej 5-in-1 Convertible Cooling 2023 Model 1.5 Ton 5 Star Split Inverter i-sense Technology with Blu...,54900,36999,744,1.5,556 Ratings & 74 Reviews,4,Godrej,5
27,Godrej 5-in-1 Convertible Cooling 2023 Model 1 Ton 3 Star Split Inverter i-sense Technology with Blue ...,42900,28999,694,1,"1,113 Ratings & 114 Reviews",4,Godrej,3
28,Whirlpool Convertible 4-in-1 Cooling 2023 Model 1.5 Ton 3 Star Split Inverter 6th Sense Technology AC ...,62000,32790,963,1.5,"2,903 Ratings & 261 Reviews",3.9,Whirlpool,3
29,realme TechLife 2023 Range 1 Ton 5 Star Split Inverter 4-in-1 Convertible with Flexi-Control Technolog...,50999,29490,840,1,"1,706 Ratings & 236 Reviews",4,realme,5
30,Voltas 1.5 Ton 3 Star Split Inverter AC  - White,64990,32990,975,1.5,"4,258 Ratings & 402 Reviews",4.2,Voltas,3
31,SAMSUNG Convertible 5-in-1 Cooling 2023 Model 1.5 Ton 5 Star Split Inverter AC  - White,72990,42500,749,1.5,"5,037 Ratings & 454 Reviews",4.1,SAMSUNG,5
32,Godrej 5-in-1 Convertible Cooling 2023 Model 1.5 Ton 4 Star Split Inverter with 4 Way Swing and Tri Fi...,49990,33490,1415,1.5,"2,237 Ratings & 216 Reviews",4,Godrej,4
33,realme TechLife 2023 Range 1.5 Ton 4 Star Split Inverter 4-in-1 Convertible with Flexi-Control Technol...,54999,30490,1350,1.5,"1,706 Ratings & 236 Reviews",4,realme,4
34,CARRIER Convertible 4-in-1 Cooling 2023 Model 1 Ton 3 Star Split AI Flexicool Inverter Dual Filtration...,56990,30990,1055,1,"7,406 Ratings & 741 Reviews",4.1,CARRIER,3
35,MarQ by Flipkart 2023 Range 1.5 Ton 5 Star Split Inverter 4-in-1 Convertible with Turbo Cool Technolog...,57999,32999,1295,1.5,"3,180 Ratings & 374 Reviews",4.1,MarQ,5
36,"IFB FastCool Convertible 8-in-1 Cooling, 2023 Model 1.5 Ton 5 Star Split Inverter 7 Stage Air Treatmen...",58990,42990,798,1.5,632 Ratings & 82 Reviews,4.2,IFB,5
37,SAMSUNG windfree 1.5 Ton 3 Star Split Inverter AC  - White,61990,35490,977,1.5,"1,058 Ratings & 106 Reviews",4.1,SAMSUNG,3
38,"Haier Frost Self-Clean 2023 Model 1.3 Ton 3 Star Split Inverter Cooling at Extreme Temperature, Super ...",60490,29999,1310,1.3,"1,380 Ratings & 167 Reviews",4,Haier,3
39,Voltas 1.5 Ton 3 Star Split Inverter AC  - White,62990,32990,975,1.5,"16,559 Ratings & 1,553 Reviews",4.2,Voltas,3
40,"IFB FastCool Convertible 8-in-1 Cooling, 2023 Model 1.5 Ton 3 Star Split Inverter Smart Ready, 7 Stage...",50490,36490,1005,1.5,254 Ratings & 37 Reviews,4.2,IFB,3
41,Lloyd 1.5 Ton 5 Star Split Inverter AC  - White,67990,39990,780,1.5,"4,805 Ratings & 874 Reviews",4.2,Lloyd,5
42,SAMSUNG Convertible 5-in-1 Cooling 2023 Model 1.5 Ton 3 Star Split Inverter AC with Wi-fi Connect  - W...,61990,36500,977,1.5,"1,185 Ratings & 108 Reviews",4,SAMSUNG,3
43,Midea 2023 Model 0.8 Ton 3 Star Split Inverter Cold Catalyst Filter With Auto Cleanser AC  - White,50190,24990,526,0.8,250 Ratings & 34 Reviews,3.9,Midea,3
44,Daikin 1.5 Ton 5 Star Split Inverter AC with PM 2.5 Filter  - White,67200,45490,1325,1.5,"2,330 Ratings & 227 Reviews",4.2,Daikin,5
45,Whirlpool Convertible 5-in-1 Cooling 2023 Model 2 Ton 3 Star Split Inverter 6th Sense Technology AC  -...,78200,42890,1209,2,"2,903 Ratings & 261 Reviews",3.9,Whirlpool,3
46,SAMSUNG 1.5 Ton 3 Star Split Inverter AC  - White,57990,31999,1700,1.5,"5,037 Ratings & 454 Reviews",4.1,SAMSUNG,3
47,MarQ by Flipkart 2023 Range 1.5 Ton 4 Star Split Inverter 4-in-1 Convertible with Turbo Cool Technolog...,53999,31999,1365,1.5,"3,180 Ratings & 374 Reviews",4.1,MarQ,4
48,MarQ by Flipkart 2023 Range 1.5 Ton 4 Star Split Inverter 4-in-1 Convertible with Turbo Cool Technolog...,53999,31999,1365,1.5,"3,180 Ratings & 374 Reviews",4.1,MarQ,4
49,Voltas 1.5 Ton 5 Star Split Inverter AC  - White,75990,39490,759,1.5,"1,972 Ratings & 187 Reviews",4.1,Voltas,5
50,realme TechLife 4-in-1 Convertible 2023 Range with Flexi-Control Technology 1.2 Ton 4 Star Split Inver...,50999,29490,1230,1.2,"1,706 Ratings & 236 Reviews",4,realme,4
51,Whirlpool Convertible 4-in-1 Cooling 2023 Model 1.5 Ton 4 Star Split Inverter 6th Sense Technology AC ...,66900,36490,1360,1.5,"3,533 Ratings & 293 Reviews",3.9,Whirlpool,4
52,CARRIER 4-in-1 Flexicool 2023 Model 1.5 Ton 3 Star Split Inverter with Anti-Viral Guard & Smart Energy...,72290,37990,1660,1.5,360 Ratings & 61 Reviews,3.9,CARRIER,3
53,MarQ by Flipkart 2023 Range 2 Ton 3 Star Split Inverter 4-in-1 Convertible with Turbo Cool Technology ...,64999,37999,1970,2,"3,180 Ratings & 374 Reviews",4.1,MarQ,3
54,Panasonic Convertible 7-in-1 with Additional AI Mode Cooling 2023 Model 1 Ton 3 Star Split Inverter wi...,48100,33490,676,1,"16,011 Ratings & 1,910 Reviews",4.3,Panasonic,3
55,CARRIER 1.5 Ton 4 Star Split Inverter AC  - White,69790,37999,1420,1.5,"7,406 Ratings & 741 Reviews",4.1,CARRIER,4
56,Godrej 5-in-1 Convertible Cooling 2023 Model 1 Ton 5 Star Split Inverter i-sense Technology with Blue ...,48900,32490,524,1,"1,113 Ratings & 114 Reviews",4,Godrej,5
57,"LG Super Convertible 5-in-1 Cooling 2023 Model 1 Ton 3 Star Split Dual Inverter 2 Way Swing, HD Filter...",57990,32990,642,1,"1,066 Ratings & 83 Reviews",4,LG,3
58,realme TechLife 1.5 Ton 5 Star Split Inverter Smart AC with Wi-fi Connect  - White,64999,35499,770,1.5,69 Ratings & 12 Reviews,4,realme,5
59,LG 1.5 Ton 3 Star Window Dual Inverter AC with Wi-fi Connect  - White,65990,33990,1115,1.5,776 Ratings & 86 Reviews,3.9,LG,3
60,ONIDA 1 Ton 3 Star Split Inverter AC  - White,40900,28990,696,1,"7,529 Ratings & 907 Reviews",4.3,ONIDA,3
61,Lloyd 1.5 Ton 3 Star Window AC  - White,55990,27990,1180,1.5,"1,162 Ratings & 180 Reviews",4.1,Lloyd,3
62,Daikin 1 Ton 3 Star Split Inverter AC with PM 2.5 Filter  - White,48200,32990,1200,1,"2,330 Ratings & 227 Reviews",4.2,Daikin,3
63,Panasonic Convertible 7-in-1 with Additional AI Mode Cooling 2023 Model 1.5 Ton 4 Star Split Inverter ...,59400,40490,876,1.5,"16,011 Ratings & 1,910 Reviews",4.3,Panasonic,4
64,Panasonic Convertible 7-in-1 with Additional AI Mode Cooling 2023 Model 1 Ton 5 Star Split Inverter wi...,54600,37990,523,1,"16,011 Ratings & 1,910 Reviews",4.3,Panasonic,5
65,Daikin 1.5 Ton 5 Star Split Inverter AC  - White,67990,45705,1325,1.5,28 Ratings & 3 Reviews,3.7,Daikin,5
66,Lloyd 1 Ton 2 Star Window AC  - White,39990,22690,808,1,114 Ratings & 9 Reviews,3.8,Lloyd,2
67,"Panasonic Convertible 7-in-1 Cooling 2023 Model 1.5 Ton 3 Star Split Inverter with 2 Way Swing, PM 0.1...",53900,36990,1002,1.5,304 Ratings & 40 Reviews,4.1,Panasonic,3
68,"LG Super Convertible 5-in-1 Cooling, 2023 Model 1.2 Ton 3 Star Split Dual Inverter HD Filter with Anti...",68990,33990,849,1.2,"4,830 Ratings & 458 Reviews",4.1,LG,3
69,Voltas 1.5 Ton 3 Star Window AC  - White,41990,28799,1555,1.5,105 Ratings & 10 Reviews,4,Voltas,3
70,Daikin 0.8 Ton 3 Star Split AC with PM 2.5 Filter  - White,37400,28999,709,0.8,"1,442 Ratings & 155 Reviews",4.1,Daikin,3
71,Hitachi 1.5 Ton 3 Star Window AC  - White,35600,30999,1161,1.5,"3,847 Ratings & 428 Reviews",4.1,Hitachi,3
72,Whirlpool Convertible 4-in-1 Cooling 2023 Model 1 Ton 5 Star Split Inverter 6th Sense Technology AC  -...,64200,34490,840,1,"3,533 Ratings & 293 Reviews",3.9,Whirlpool,5
73,ONIDA 1.5 Ton 5 Star Split Inverter AC  - White,50900,38490,779,1.5,"7,529 Ratings & 907 Reviews",4.3,ONIDA,5
74,"Haier Frost Self-Clean 2023 Model 1.5 Ton 3 Star Split Inverter Cooling at Extreme Temperature, Super ...",64491,31990,1520,1.5,"1,380 Ratings & 167 Reviews",4,Haier,3
75,CARRIER Convertible 6-in-1 Cooling 2023 Model 1.2 Ton 5 Star Split AI Flexicool Inverter Dual Filtrati...,66590,36999,950,1.2,"7,406 Ratings & 741 Reviews",4.1,CARRIER,5
76,Panasonic 1 Ton 3 Star Split Inverter AC with Wi-fi Connect  - White,48100,33490,1095,1,"16,011 Ratings & 1,910 Reviews",4.3,Panasonic,3
77,SAMSUNG Convertible 5-in-1 Cooling 2023 Model 1.5 Ton 3 Star Split Inverter Wind Free AC with Wi-fi Co...,62990,38900,977,1.5,552 Ratings & 53 Reviews,4.1,SAMSUNG,3
78,"Blue Star Convertible 5 in 1 Cooling 2023 Model 0.9 Ton 3 Star Split Inverter Multi Sensors, Stabalize...",45000,30990,644,0.9,"13,188 Ratings & 1,434 Reviews",4.2,Blue,3
79,realme TechLife 2023 Range 1.5 Ton 5 Star Split Inverter 4-in-1 Convertible with Flexi-Control Technol...,59999,32999,1285,1.5,"1,706 Ratings & 236 Reviews",4,realme,5
80,ONIDA 1.5 Ton 3 Star Split Inverter AC  - White,43900,31490,969,1.5,"7,529 Ratings & 907 Reviews",4.3,ONIDA,3
81,SAMSUNG Convertible 5-in-1 Cooling 2023 Model 1.5 Ton 5 Star Split Inverter AC with Wi-fi Connect  - W...,73990,44000,749,1.5,"1,185 Ratings & 108 Reviews",4,SAMSUNG,5
82,"Haier Frost Self-Clean 2023 Model 1 Ton 3 Star Split Inverter Cooling at Extreme Temperature, Super An...",57490,30990,1145,1,"1,380 Ratings & 167 Reviews",4,Haier,3
83,SAMSUNG Convertible 5-in-1 Cooling 2023 Model 1.5 Ton 3 Star Split Inverter Wind Free AC  - White,61990,37699,977,1.5,"1,058 Ratings & 106 Reviews",4.1,SAMSUNG,3
84,"Hitachi 1.5 T 3 Star Split Inverter AC  - White, Gold",59700,36499,1012,1.5,"1,378 Ratings & 112 Reviews",3.9,Hitachi,3
85,Blue Star 1 Ton 3 Star Window AC  - White,33000,26990,823,1,950 Ratings & 96 Reviews,4.1,Blue,3
86,Whirlpool Convertible 4-in-1 Cooling 2023 Model 0.8 Ton 3 Star Split Inverter 6th Sense Technology AC ...,55900,28999,890,0.8,"3,533 Ratings & 293 Reviews",3.9,Whirlpool,3
87,Blue Star 1.3 Ton 3 Star Split Inverter AC  - White,57500,33990,865,1.3,"13,188 Ratings & 1,434 Reviews",4.2,Blue,3
88,Blue Star 0.8 Ton 3 Star Window AC  - White,30000,24990,648,0.8,950 Ratings & 96 Reviews,4.1,Blue,3
89,Voltas 1.5 Ton 3 Star Split Inverter AC  - White,64990,35499,975,1.5,80 Ratings & 12 Reviews,3.9,Voltas,3
90,"IFB FastCool Convertible 8-in-1 Cooling, 2023 Model 2 Ton 3 Star Split Inverter Smart Ready, 7 Stage A...",63490,48490,1206,2,254 Ratings & 37 Reviews,4.2,IFB,3
91,"LG AI Convertible 6-in-1 Cooling 2023 Model 2 Ton 3 Star Split AI Dual Inverter 4 Way Swing, HD Filter...",85990,54990,1232,2,"5,107 Ratings & 534 Reviews",4.1,LG,3
92,CARRIER 1.2 Ton 5 Star Split Inverter AC  - White,66590,35999,950,1.2,"7,406 Ratings & 741 Reviews",4.1,CARRIER,5
93,Daikin 1 Ton 3 Star Split AC with PM 2.5 Filter  - White,46000,32690,848,1,"1,442 Ratings & 155 Reviews",4.1,Daikin,3
94,Godrej 5-in-1 Convertible Cooling 2023 Model 2 Ton 3 Star Split Inverter i-sense Technology with Blue ...,60990,42990,1210,2,"2,237 Ratings & 216 Reviews",4,Godrej,3
95,SAMSUNG 1.5 Ton 4 Star Split Inverter AC  - White,64990,38499,850,1.5,36 Ratings & 4 Reviews,3.8,SAMSUNG,4
96,Panasonic Convertible 7-in-1 with Additional AI Mode Cooling 2023 Model 2 Ton 4 Star Split Inverter wi...,77150,54990,1075,2,"16,011 Ratings & 1,910 Reviews",4.3,Panasonic,4
97,Hitachi 1 Ton 3 Star Split Inverter AC  - White,54300,34979,1095,1,,,Hitachi,3
98,SAMSUNG 1.5 Ton 3 Star Split Inverter AC  - White,60990,34800,977,1.5,,,SAMSUNG,3
99,Hitachi Ice Clean Frost Wash Technology 2023 Model 1 Ton 5 Star Split Inverter Xpandable plus Ambience...,62600,36999,533,1,"1,378 Ratings & 112 Reviews",3.9,Hitachi,5
100,Lloyd 1.2 Ton 5 Star Split Inverter AC  - White,62990,34999,635,1.2,"4,805 Ratings & 874 Reviews",4.2,Lloyd,5
101,Whirlpool Convertible 4-in-1 Cooling 2023 Model 1.5 Ton 3 Star Split Inverter 6th Sense Technology AC ...,62300,33990,1630,1.5,"3,533 Ratings & 293 Reviews",3.9,Whirlpool,3
102,Lloyd 1 Ton 2 Star Split AC  - White,46990,27999,744,1,249 Ratings & 43 Reviews,4.2,Lloyd,2
103,SAMSUNG 1 Ton 5 Star Split Inverter AC  - White,57990,36399,481,1,552 Ratings & 53 Reviews,4.1,SAMSUNG,5
104,CANDY 1 Ton 3 Star Split Inverter AC  - White,54500,27999,684,1,431 Ratings & 83 Reviews,4,CANDY,3
105,Daikin 1.8 Ton 3 Star Split Inverter AC  - White,72900,50999,1950,1.8,"2,330 Ratings & 227 Reviews",4.2,Daikin,3
106,Lloyd 1.5 Ton 3 Star Hot and Cold Split Inverter AC  - White,64990,37999,1043,1.5,129 Ratings & 31 Reviews,4.3,Lloyd,3
107,"Blue Star 2023 Model 0.8 Ton 3 Star Split Inverter Multi Sensors, Self Clean Technology, Self Diagnosi...",41500,28999,521,0.8,"13,188 Ratings & 1,434 Reviews",4.2,Blue,3
108,"IFB FastCool Convertible 8-in-1 Cooling, 2023 Model 1.5 Ton 4 Star Split Inverter Smart Ready, 7 Stage...",54990,41490,867,1.5,632 Ratings & 82 Reviews,4.2,IFB,4
109,SAMSUNG Convertible 5-in-1 Cooling 2023 Model 1.5 Ton 5 Star Split Inverter Wind Free AC  - White,73990,45500,749,1.5,"1,058 Ratings & 106 Reviews",4.1,SAMSUNG,5
110,"Godrej 1.5 Ton 5 Star Split Inverter 2023 Model, Blue Fin Anti Corrosive Coating AC  - White",54900,37490,765,1.5,485 Ratings & 53 Reviews,4.2,Godrej,5
111,Voltas 1.5 Ton 3 Star Window Inverter AC  - White,46990,31499,1204,1.5,379 Ratings & 31 Reviews,4.1,Voltas,3
112,Midea 1 Ton 3 Star Split Inverter AC  - White,50190,30499,1170,1,14 Ratings & 1 Reviews,4.1,Midea,3
113,Lloyd 1.5 Ton 3 Star Split AC  - White,62990,35500,1012,1.5,44 Ratings & 7 Reviews,4.3,Lloyd,3
114,Panasonic Convertible 7-in-1 with Additional AI Mode Cooling 2023 Model 1 Ton 4 Star Split Inverter wi...,50600,35990,601,1,"16,011 Ratings & 1,910 Reviews",4.3,Panasonic,4
115,Hitachi Ice Clean Frost Wash Technology 2023 Model 1 Ton 3 Star Split Inverter Xpandable plus Ambience...,54300,32999,669,1,"1,378 Ratings & 112 Reviews",3.9,Hitachi,3
116,LG AI Convertible 6-in-1 Cooling 2023 Model 1.5 Ton 5 Star Split AI Dual Inverter Plasmaster (Ionizer)...,81990,47990,685,1.5,335 Ratings & 39 Reviews,4.2,LG,5
117,Godrej 1 Ton 3 Star Split Inverter AC  - White,41900,28450,694,1,7 Ratings & 0 Reviews,3.6,Godrej,3
118,LG 1.5 Ton 5 Star Window Dual Inverter AC  - White,65990,38990,1053,1.5,776 Ratings & 86 Reviews,3.9,LG,5
119,"Blue Star Convertible 5 in 1 Cooling 2023 Model 1.5 Ton 3 Star Split Inverter Multi Sensors, Stabalize...",61250,35990,1007,1.5,"2,255 Ratings & 225 Reviews",4.2,Blue,3
120,CARRIER Convertible 4-in-1 Cooling 2023 Model 2 Ton 3 Star Split AI Flexicool Inverter Dual Filtration...,80890,49999,2000,2,"7,406 Ratings & 741 Reviews",4.1,CARRIER,3
121,Lloyd 1 Ton 2 Star Window AC  - White,39990,22690,808,1,"1,162 Ratings & 180 Reviews",4.1,Lloyd,2
122,Whirlpool 1.5 Ton 3 Star Split Inverter AC  - White,53950,31999,1660,1.5,134 Ratings & 20 Reviews,4.1,Whirlpool,3
123,Voltas 1 Ton 3 Star Split Inverter AC  - White,56990,29490,672,1,75 Ratings & 10 Reviews,3.9,Voltas,3
124,CARRIER 1 Ton 3 Star Window 2 Way Air Directional control with Dust Filter(2023 Model) AC  - White,39090,27999,870,1,34 Ratings & 6 Reviews,3.9,CARRIER,3
125,Lloyd 1.5 Ton 3 Star Split Inverter AC  - White,60990,32700,1002,1.5,24 Ratings & 1 Reviews,3.8,Lloyd,3
126,"LG AI Convertible 6-in-1 Cooling 2023 Model 1 Ton 5 Star Split AI Dual Inverter 4 Way Swing, HD Filter...",65990,40490,521,1,"2,551 Ratings & 272 Reviews",4.2,LG,5
127,Voltas 1.5 Ton 5 Star Window Inverter AC  - White,45990,34730,1114,1.5,191 Ratings & 24 Reviews,4,Voltas,5
128,Daikin 1 Ton 3 Star Split Inverter AC  - White,48200,33850,680,1,,,Daikin,3
129,"LG AI Convertible 6-in-1 Cooling 2023 Model 1.5 Ton 5 Star Split AI Dual Inverter 4 Way Swing, HD Filt...",81990,49990,685,1.5,"9,269 Ratings & 920 Reviews",4.1,LG,5
130,Voltas 1.5 Ton 5 Star Window Inverter AC  - White,49990,34490,1640,1.5,379 Ratings & 31 Reviews,4.1,Voltas,5
131,Blue Star 1.5 Ton 5 Star Window AC  - White,44500,35990,1045,1.5,950 Ratings & 96 Reviews,4.1,Blue,5
132,CARRIER 1 Ton 3 Star Split 2 Way Air Directional control with HD Filter (2023 Model) AC  - White,54590,32999,940,1,106 Ratings & 8 Reviews,4.3,CARRIER,3
133,SAMSUNG 1.5 Ton 5 Star Split Inverter AC  - White,65990,36999,832,1.5,"5,037 Ratings & 454 Reviews",4.1,SAMSUNG,5
134,Voltas 1 Ton 3 Star Window AC  - White,35990,26198,774,1,31 Ratings & 4 Reviews,4.1,Voltas,3
135,Thomson 4 in 1 Convertible Cooling 1.5 Ton 3 Star Split Inverter With iBreeze Technology AC  - White,43998,30499,1640,1.5,745 Ratings & 164 Reviews,4,Thomson,3
136,Lloyd 1 Ton 3 Star Split Inverter AC with Wi-fi Connect  - White,45990,28490,1110,1,6 Ratings & 0 Reviews,4.7,Lloyd,3
137,"Hitachi 1.5 T 5 Star Split Inverter AC  - White, Gold",65300,43999,780,1.5,"1,378 Ratings & 112 Reviews",3.9,Hitachi,5
138,"Hitachi 1 Ton 3 Star Split Inverter AC  - White, Gold",48200,31999,688,1,405 Ratings & 40 Reviews,3.8,Hitachi,3
139,Godrej Turbo Mode 2023 Model 1.5 Ton 3 Star Window with Anti Corrosive Blue Fin AC  - White,41900,26499,1216,1.5,59 Ratings & 9 Reviews,3.9,Godrej,3
140,Hitachi Iconic wave design 2023 Model 1.5 Ton 3 Star Split Soft dry Silent Air Ambience Light R 32 AC ...,56300,38380,1039,1.5,143 Ratings & 15 Reviews,4.1,Hitachi,3
141,Voltas 1 Ton 5 Star Split Inverter AC  - White,63990,35990,541,1,,,Voltas,5
142,SAMSUNG 1 Ton 3 Star Split Inverter AC  - White,60990,31600,624,1,,,SAMSUNG,3
143,Daikin 1 Ton 5 Star Split Inverter AC with PM 2.5 Filter  - White,55500,37999,940,1,"2,330 Ratings & 227 Reviews",4.2,Daikin,5
144,"Blue Star 2023 Model 1 Ton 2 Star Split Multi Sensors, Comfort Sleep Mode, Turbo Cool, Self Diagnosis,...",44250,30990,727,1,"1,604 Ratings & 187 Reviews",4.1,Blue,2
145,"Haier Frost Self-Clean 2023 Model 1.5 Ton 5 Star Split Inverter Intelli Convertible 7-in-1, Cooling at...",71490,39990,1240,1.5,"1,380 Ratings & 167 Reviews",4,Haier,5
146,Daikin 1 Ton 5 Star Split Inverter AC with PM 2.5 Filter  - White,55500,37999,940,1,"2,330 Ratings & 227 Reviews",4.2,Daikin,5
147,SAMSUNG Convertible 5-in-1 Cooling 2023 Model 1 Ton 3 Star Split Inverter Wind Free AC  - White,52990,34099,624,1,"1,058 Ratings & 106 Reviews",4.1,SAMSUNG,3
148,Hitachi Iconic wave design 2023 Model 1 Ton 3 Star Split Soft dry Silent Air Ambience Light R 32 AC  -...,46600,33499,706,1,143 Ratings & 15 Reviews,4.1,Hitachi,3
149,"Blue Star Convertible 5 in 1 Cooling 2023 Model 1.2 Ton 3 Star Split Inverter Multi Sensors, Stabalize...",57500,33990,865,1.2,"13,188 Ratings & 1,434 Reviews",4.2,Blue,3
150,Thomson 1.5 Ton 2 Star Split With iBreeze Technology AC  - White,39999,28999,732,1.5,22 Ratings & 2 Reviews,3.9,Thomson,2
151,Panasonic Convertible 7-in-1 with Additional AI Mode Cooling 2023 Model 2 Ton 3 Star Split Inverter wi...,69400,50990,1234,2,"16,011 Ratings & 1,910 Reviews",4.3,Panasonic,3
152,Whirlpool 4 in 1 Convertible Cooling 1.5 Ton 3 Star Split Inverter AC  - White,64600,31299,1570,1.5,"7,673 Ratings & 831 Reviews",4.1,Whirlpool,3
153,Lloyd 1.5 Ton 5 Star Window AC  - White,54990,32890,1072,1.5,"1,162 Ratings & 180 Reviews",4.1,Lloyd,5
154,CARRIER 6-in-1 Flexicool 2023 Model 1.5 Ton 5 Star Split Inverter with Anti-Viral Guard & Smart Energy...,81890,45999,1310,1.5,360 Ratings & 61 Reviews,3.9,CARRIER,5
155,"IFB FastCool Convertible 8-in-1 Cooling, 2023 Model 1.6 Ton 3 Star Split Inverter Smart Ready, 7 Stage...",53490,40490,1083,1.6,632 Ratings & 82 Reviews,4.2,IFB,3
156,CARRIER Flexicool Convertible 4-in-1 Cooling 2 Ton 3 Star Split Inverter Dual Filtration with HD and P...,78890,48999,2010,2,"1,162 Ratings & 105 Reviews",4.3,CARRIER,3
157,Panasonic Convertible 7-in-1 with Additional AI Mode Cooling 2023 Model 2 Ton 5 Star Split Inverter wi...,87900,65990,926,2,"16,011 Ratings & 1,910 Reviews",4.3,Panasonic,5
158,Lloyd 1.5 Ton 2 Star Split AC  - White,59990,32999,1114,1.5,97 Ratings & 13 Reviews,3.9,Lloyd,2
159,"Blue Star Convertible 4 in 1 Cooling 2023 Model 1 Ton 4 Star Split Inverter Multi Sensors, Stabalizer ...",59500,34990,583,1,"13,188 Ratings & 1,434 Reviews",4.2,Blue,4
160,MarQ by Flipkart 2023 Range 0.8 Ton 3 Star Split Inverter 4-in-1 Convertible with Turbo Cool Technolog...,45499,25999,880,0.8,"3,180 Ratings & 374 Reviews",4.1,MarQ,3
161,Lloyd 1.5 Ton 5 Star Split Inverter AC with Wi-fi Connect  - White,69990,42000,780,1.5,791 Ratings & 148 Reviews,4.2,Lloyd,5
162,realme TechLife 1 Ton 5 Star Split Inverter Smart AC with Wi-fi Connect  - White,54999,30999,523,1,69 Ratings & 12 Reviews,4,realme,5
163,"Hitachi 1.5 Ton 3 Star Split Inverter AC  - White, Gold",59700,36499,1012,1.5,155 Ratings & 5 Reviews,3.9,Hitachi,3
164,Blue Star 1 Ton 5 Star Window AC  - White,37000,31500,708,1,950 Ratings & 96 Reviews,4.1,Blue,5
165,Panasonic 1.5 Ton 3 Star Hot and Cold Split Inverter AC with Wi-fi Connect  - White,61400,41990,972,1.5,304 Ratings & 40 Reviews,4.1,Panasonic,3
166,Daikin 1 Ton 4 Star Split Inverter AC  - White,48200,36499,1200,1,21 Ratings & 2 Reviews,4.1,Daikin,4
167,SAMSUNG 1.5 Ton 3 Star Split Inverter AC  - White,60990,35000,977,1.5,,,SAMSUNG,3
168,Voltas 1.5 Ton 5 Star Split Inverter AC  - White,69990,40499,1750,1.5,"16,559 Ratings & 1,553 Reviews",4.2,Voltas,5
169,Voltas 2 Ton 3 Star Split AC  - White,81990,47999,1323,2,4 Ratings & 1 Reviews,3.3,Voltas,3
170,SAMSUNG 1.5 Ton 3 Star Split Inverter AC  - White,60990,35000,977,1.5,,,SAMSUNG,3
171,Voltas 0.75 Ton 3 Star Split AC  - White,48990,26999,940,0.75,"2,655 Ratings & 227 Reviews",4.1,Voltas,3
172,Hitachi 1.5 Ton 3 Star Split Inverter Hot and Cold AC  - White,63300,44999,1847,1.5,3 Ratings & 0 Reviews,4.3,Hitachi,3
173,"Blue Star Convertible 4 in 1 Cooling 2023 Model 1 Ton 3 Star Split Inverter Multi Sensors, Stabalizer ...",51500,32690,704,1,"13,188 Ratings & 1,434 Reviews",4.2,Blue,3
174,Hitachi 1 Ton 2 Star Window AC  - White,28990,28420,921,1,"3,847 Ratings & 428 Reviews",4.1,Hitachi,2
175,CANDY 1 Ton 4 Star Split Inverter AC  - White,57500,29999,600,1,431 Ratings & 83 Reviews,4,CANDY,4
176,LG 2 Ton 4 Star Window Dual Inverter AC with Wi-fi Connect  - White,70990,46620,1384,2,776 Ratings & 86 Reviews,3.9,LG,4
177,Daikin 1.8 Ton 5 Star Split Inverter AC with PM 2.5 Filter  - White,83900,56999,1575,1.8,"2,330 Ratings & 227 Reviews",4.2,Daikin,5
178,"IFB FastCool Convertible 8-in-1 Cooling, 2023 Model 1.5 Ton 3 Star Split Inverter 7 Stage Air Treatmen...",51990,38490,1005,1.5,632 Ratings & 82 Reviews,4.2,IFB,3
179,"LG Super Convertible 6-in-1 Cooling 1 Ton 5 Star Split Dual Inverter AI, 4 Way Swing, HD Filter with A...",61990,37490,571,1,"2,551 Ratings & 272 Reviews",4.2,LG,5
180,"Midea 2023 Model 2 Ton 3 Star Split Inverter HD Filter with 2 Way Air Directional Control, Auto Cleans...",71290,41999,2000,2,250 Ratings & 34 Reviews,3.9,Midea,3
181,Panasonic Convertible 7-in-1 with Additional AI Mode Hot & Cold 2023 Model 1.5 Ton 3 Star Split Invert...,61400,43990,972,1.5,270 Ratings & 28 Reviews,4.1,Panasonic,3
182,CARRIER 1.5 Ton 3 Star Split 2 Way Air Directional control with HD Filter(2023 Model AC  - White,64190,38999,1350,1.5,106 Ratings & 8 Reviews,4.3,CARRIER,3
183,Daikin 1.5 Ton 3 Star Split Inverter AC with PM 2.5 Filter  - White,58400,38899,1670,1.5,7 Ratings & 1 Reviews,3.9,Daikin,3
184,Daikin 1.5 Ton 5 Star Split Inverter AC  - White,71200,47999,1290,1.5,355 Ratings & 53 Reviews,4.2,Daikin,5
185,Voltas 2 Ton 5 Star Split Inverter AC  - White,93990,55499,959,2,"16,559 Ratings & 1,553 Reviews",4.2,Voltas,5
186,"Blue Star 2023 Model 1.5 Ton 2 Star Split Multi Sensors, Comfort Sleep Mode, Turbo Cool, Self Diagnosi...",52500,35490,1127,1.5,"1,604 Ratings & 187 Reviews",4.1,Blue,2
187,LG 1.5 Ton 5 Star Window Smart AC with Wi-fi Connect  - White,48990,39999,5000,1.5,"2,598 Ratings & 306 Reviews",4.3,LG,5
188,Lloyd 1.5 Ton 5 Star Split Inverter AC with Wi-fi Connect  - White,69990,42000,780,1.5,791 Ratings & 148 Reviews,4.2,Lloyd,5
189,Daikin 1.5 Ton 3 Star Hot and Cold Split Inverter AC  - White,61300,43490,1600,1.5,35 Ratings & 3 Reviews,4.2,Daikin,3
190,Whirlpool 4 in 1 Convertible Cooling 1.5 Ton 3 Star Split Inverter AC  - White,62200,33490,1450,1.5,"3,616 Ratings & 407 Reviews",4.1,Whirlpool,3
191,Panasonic 1.5 Ton 3 Star Split Inverter AC  - White,54400,35990,1770,1.5,270 Ratings & 28 Reviews,4.1,Panasonic,3
192,SAMSUNG Convertible 5-in-1 Cooling Mode 1.5 Ton 5 Star Split Inverter Anti Bacteria Filter AC  - White,65990,41999,1380,1.5,109 Ratings & 8 Reviews,4.1,SAMSUNG,5
193,Panasonic 1.5 Ton 3 Star Split Inverter AC  - White,54400,35990,1770,1.5,270 Ratings & 28 Reviews,4.1,Panasonic,3
194,Hitachi 1 Ton 2 Star Window AC  - White,28990,28420,921,1,"3,847 Ratings & 428 Reviews",4.1,Hitachi,2
195,Voltas 1.5 Ton 3 Star Split Inverter AC  - White,68990,33149,998,1.5,21 Ratings & 0 Reviews,4,Voltas,3
196,Lloyd 1 Ton 3 Star Split AC  - White,49990,31590,709,1,24 Ratings & 3 Reviews,3.6,Lloyd,3
197,SAMSUNG Convertible 5-in-1 Cooling 2023 Model 1 Ton 5 Star Split Inverter AC with Wi-fi Connect  - Whi...,59990,38390,481,1,"1,185 Ratings & 108 Reviews",4,SAMSUNG,5
198,Haier 1.6 Ton 5 Star Split Inverter AC  - White,72490,42490,880,1.6,5 Ratings & 1 Reviews,2.8,Haier,5
199,CARRIER HD Filteration 1.5 Ton 3 Star Split AI Flexicool Inverter With Auto Cleanser AC  - White,66990,33990,1575,1.5,14 Ratings & 4 Reviews,3.6,CARRIER,3
200,SAMSUNG Convertible 5-in-1 Cooling 2023 Model 1.5 Ton 5 Star Split Inverter Wind Free AC with Wi-fi Co...,75990,47499,749,1.5,552 Ratings & 53 Reviews,4.1,SAMSUNG,5
201,Lloyd 2 Ton 5 Star Split Inverter AC  - White,86990,53999,970,2,"4,805 Ratings & 874 Reviews",4.2,Lloyd,5
202,"IFB FastCool Convertible 8-in-1 Cooling, 2023 Model 1.5 Ton 5 Star Split Inverter Smart Ready, 7 Stage...",57990,42990,798,1.5,284 Ratings & 51 Reviews,4.3,IFB,5
203,SAMSUNG Convertible 5-in-1 Cooling 2023 Model 2 Ton 3 Star Split Inverter AC with Wi-fi Connect  - Whi...,83990,52490,1145,2,"1,185 Ratings & 108 Reviews",4,SAMSUNG,3
204,Lloyd 2 Ton 3 Star Split Inverter AC  - White,77990,47000,1261,2,"4,805 Ratings & 874 Reviews",4.2,Lloyd,3
205,SAMSUNG Convertible 5-in-1 Cooling Mode 1 Ton 4 Star Split Inverter Anti Bacteria Filter AC  - White,50990,31999,960,1,56 Ratings & 7 Reviews,4,SAMSUNG,4
206,Panasonic 1.5 Ton 3 Star Split Inverter AC  - White,48500,35990,1056,1.5,"1,105 Ratings & 147 Reviews",4.2,Panasonic,3
207,Daikin 1.5 Ton 3 Star Split AC  - White,55600,37280,1278,1.5,11 Ratings & 3 Reviews,4.1,Daikin,3
208,"Midea 2023 Model 1.5 Ton 3 Star Split Inverter HD Filter with 2 Way Air Directional Control, Auto Clea...",61790,33999,1575,1.5,250 Ratings & 34 Reviews,3.9,Midea,3
209,Whirlpool 4 in 1 Convertible Cooling 1.5 Ton 3 Star Split Inverter AC  - White,62200,32499,1029,1.5,"2,182 Ratings & 311 Reviews",4.1,Whirlpool,3
210,Lloyd 1 Ton 3 Star Split AC  - White,41990,28990,735,1,710 Ratings & 105 Reviews,4.2,Lloyd,3
211,"IFB FastCool Convertible 8-in-1 Cooling, 2023 Model 1 Ton 2 Star Split Inverter Smart Ready, 7 Stage A...",39990,31490,773,1,632 Ratings & 82 Reviews,4.2,IFB,2
212,Blue Star 1.5 Ton 5 Star Window Inverter AC  - White,50000,39490,1590,1.5,51 Ratings & 6 Reviews,3.8,Blue,5
213,Panasonic 1 Ton 3 Star Split Inverter AC  - White,42200,30990,731,1,"1,105 Ratings & 147 Reviews",4.2,Panasonic,3
214,"LG AI Convertible 6-in-1 Cooling 2023 Model 1.5 Ton 5 Star Split AI Dual Inverter UV Nano, 4 Way Swing...",83990,50990,685,1.5,36 Ratings & 2 Reviews,4,LG,5
215,Lloyd 1 Ton 5 Star Split Inverter AC with Wi-fi Connect  - White,58990,32890,533,1,34 Ratings & 1 Reviews,4.2,Lloyd,5
216,"Haier Frost Self-Clean 2023 Model 1 Ton 4 Star Split Inverter Intelli smart, Intelli Convertible 7-in-...",63990,36490,985,1,,,Haier,4
217,Lloyd 1.5 Ton 3 Star Split AC  - White,52990,33960,1087,1.5,710 Ratings & 105 Reviews,4.2,Lloyd,3
218,Voltas 1 Ton 3 Star Split Inverter AC  - White,56990,31490,1115,1,"16,559 Ratings & 1,553 Reviews",4.2,Voltas,3
219,Voltas 1.5 Ton 5 Star Split Inverter AC  - White,77990,42365,759,1.5,,,Voltas,5
220,Blue Star 1.5 Ton 3 Star Split AC  - White,61750,39890,1052,1.5,,,Blue,3
221,Panasonic 1 Ton 3 Star Split Inverter AC  - White,47100,32490,1095,1,270 Ratings & 28 Reviews,4.1,Panasonic,3
222,Lloyd . 1.5 Ton 5 Star Split Inverter with PM 2.5 Filter AC  - White,60990,42599,1095,1.5,37 Ratings & 4 Reviews,4.1,Lloyd,5
223,Blue Star 1.5 Ton 2 Star Window AC  - White,37500,29990,1223,1.5,950 Ratings & 96 Reviews,4.1,Blue,2
224,"LG Super Convertible 6-in-1 Cooling 1.5 Ton 5 Star Split Dual Inverter AI, 4 Way Swing, HD Filter with...",76990,45999,818,1.5,"9,269 Ratings & 920 Reviews",4.1,LG,5
225,Whirlpool 1.5 Ton 5 Star Split Inverter AC  - White,62433,35750,920,1.5,151 Ratings & 15 Reviews,4.1,Whirlpool,5
226,Daikin 1.5 Ton 5 Star Split Inverter AC  - White,67200,46590,785,1.5,24 Ratings & 1 Reviews,4.3,Daikin,5
227,Blue Star Convertible 4-in-1 Cooling 1 Ton 5 Star Split Inverter AC  - White,59500,38490,583,1,"13,188 Ratings & 1,434 Reviews",4.2,Blue,5
228,"CARRIER 2 Ton 3 Star Split Auto Cleanser, Dual Filtration with HD and PM2.5 Filter AC  - White",74090,48999,1665,2,"6,040 Ratings & 630 Reviews",4.3,CARRIER,3
229,"Blue Star Convertible 4-in-1 Cooling 1.5 Ton 5 Star Split Inverter Multi Sensors, Stabalizer Free Oper...",70000,42990,1365,1.5,"13,188 Ratings & 1,434 Reviews",4.2,Blue,5
230,Daikin 1.5 Ton 5 Star Split Inverter AC  - White,71200,45940,1602,1.5,3 Ratings & 0 Reviews,5,Daikin,5
231,Whirlpool 1 Ton 4 Star Split AC  - White,45000,33500,830,1,59 Ratings & 11 Reviews,4.5,Whirlpool,4
232,CARRIER 1.5 Ton 5 Star Window AC  - White,48990,33999,1522,1.5,890 Ratings & 88 Reviews,4.3,CARRIER,5
233,Voltas 1.5 Ton 5 Star Split Inverter AC  - White,68990,40999,1590,1.5,"4,258 Ratings & 402 Reviews",4.2,Voltas,5
234,SAMSUNG Convertible 1.5 Ton 3 Star Split Inverter AC  - White,62990,35690,940,1.5,232 Ratings & 21 Reviews,4.3,SAMSUNG,3
235,"LG AI Convertible 6-in-1 Cooling 2023 Model 1.5 Ton 5 Star Split AI Dual Inverter UV Nano, 4 Way Swing...",83990,50990,685,1.5,36 Ratings & 2 Reviews,4,LG,5
236,MarQ by Flipkart 1 Ton 3 Star Split Inverter AC  - White,39999,23490,725,1,"13,808 Ratings & 1,948 Reviews",4.3,MarQ,3
237,Daikin 1.8 Ton 3 Star Hot and Cold Split Inverter AC  - White,76600,56700,1820,1.8,35 Ratings & 3 Reviews,4.2,Daikin,3
238,Whirlpool 1.5 Ton 3 Star Split Inverter AC  - White,68500,32589,2550,1.5,,,Whirlpool,3
239,Panasonic 1.5 Ton 3 Star Split Inverter AC with Wi-fi Connect  - White,55400,35990,1770,1.5,"16,011 Ratings & 1,910 Reviews",4.3,Panasonic,3
240,"LG AI Convertible 6-in-1 Cooling 2023 Model 1.5 Ton 5 Star Split AI Dual Inverter 4 Way Swing, HD Filt...",81990,49490,685,1.5,"9,269 Ratings & 920 Reviews",4.1,LG,5
241,Voltas 1.5 Ton 3 Star Split Inverter AC  - White,50000,34990,1590,1.5,10 Ratings & 1 Reviews,4.1,Voltas,3
242,MarQ by Flipkart 1 Ton 3 Star Split Inverter AC  - White,39999,23490,725,1,"13,808 Ratings & 1,948 Reviews",4.3,MarQ,3
243,Blue Star 2 Ton 3 Star Split Inverter AC  - White,71750,47990,1261,2,"13,188 Ratings & 1,434 Reviews",4.2,Blue,3
244,CARRIER 1.5 Ton 3 Star Split Inverter AC  - White,67790,35999,1590,1.5,21 Ratings & 1 Reviews,3.6,CARRIER,3
245,Whirlpool 1.5 Ton 3 Star Split Inverter AC  - White,45000,40500,1890,1.5,,,Whirlpool,3
246,Panasonic 1.5 Ton 3 Star Split Inverter AC  - White,53000,43000,1650,1.5,153 Ratings & 23 Reviews,4.5,Panasonic,3
247,Godrej 1.5 Ton 3 Star Split Inverter AC  - White,50990,33986,1700,1.5,108 Ratings & 19 Reviews,4.1,Godrej,3
248,Hitachi 1.5 Ton 5 Star Split Inverter AC  - White,74100,45389,1385,1.5,,,Hitachi,5
249,Hitachi 1.5 Ton 3 Star Window AC  - White,29890,28999,1277,1.5,"3,847 Ratings & 428 Reviews",4.1,Hitachi,3
250,MarQ by Flipkart 0.8 Ton 3 Star Split Inverter AC  - White,26039,21490,685,0.8,"13,808 Ratings & 1,948 Reviews",4.3,MarQ,3
251,Godrej 1.5 Ton 3 Star Split Inverter AC  - White,61900,32490,1840,1.5,36 Ratings & 4 Reviews,4.4,Godrej,3
252,SAMSUNG 1 Ton 4 Star Split Inverter AC  - White,50990,32999,960,1,"1,420 Ratings & 134 Reviews",4.1,SAMSUNG,4
253,Whirlpool 4 in 1 Convertible Cooling 1.5 Ton 5 Star Split Inverter AC  - White,74700,35799,1325,1.5,"7,673 Ratings & 831 Reviews",4.1,Whirlpool,5
254,CARRIER 1.2 Ton 5 Star Split Inverter AC with PM 2.5 Filter  - White,49990,34999,1050,1.2,"17,600 Ratings & 2,292 Reviews",4.4,CARRIER,5
255,SAMSUNG 1 Ton 3 Star Split AC  - White,45990,30990,920,1,552 Ratings & 53 Reviews,4.1,SAMSUNG,3
256,SAMSUNG Convertible 1 Ton 3 Star Split Inverter AC  - White,50990,31590,624,1,"1,420 Ratings & 134 Reviews",4.1,SAMSUNG,3
257,Blue Star 1.5 Ton 5 Star Split Inverter AC  - White,59990,46150,774,1.5,5 Ratings & 1 Reviews,4.8,Blue,5
258,Panasonic Convertible 7-in-1 with Additional AI Mode Hot & Cold 2023 Model 2 Ton 3 Star Split Inverter...,76900,57990,1170,2,304 Ratings & 40 Reviews,4.1,Panasonic,3
259,Voltas 1.5 Ton 5 Star Split Inverter AC  - White,68990,42750,1455,1.5,8 Ratings & 2 Reviews,4.6,Voltas,5
260,SAMSUNG Convertible 1.5 Ton 4 Star Split Inverter AC  - White,65990,38990,832,1.5,232 Ratings & 21 Reviews,4.3,SAMSUNG,4
261,LG Super Convertible 5-in-1 Cooling 2023 Model 1.5 Ton 3 Star Hot and Cold Split AI Dual Inverter 4 Wa...,79990,47990,1015,1.5,399 Ratings & 50 Reviews,4.2,LG,3
262,"Midea 2023 Model 2 Ton 5 Star Split Inverter HD Filter with 2 Way Air Directional Control,Gear Functio...",82090,51999,1500,2,250 Ratings & 34 Reviews,3.9,Midea,5
263,Voltas 1.5 Ton 5 Star Window AC  - White,34690,30999,1495,1.5,"9,935 Ratings & 926 Reviews",4.3,Voltas,5
264,"Haier Heavy Duty 2023 Model 2 Ton 3 Star Split Inverter Frost Self Clean, Triple Inverter Plus Technol...",88990,52990,2095,2,"1,380 Ratings & 167 Reviews",4,Haier,3
265,Thomson 2 Ton 3 Star Split Inverter AC  - White,56499,42999,1209,2,745 Ratings & 164 Reviews,4,Thomson,3
266,Godrej 1.5 Ton 3 Star Split Inverter AC  - White,50990,33986,1700,1.5,108 Ratings & 19 Reviews,4.1,Godrej,3
267,Hitachi Ice Clean Frost Wash Technology 2023 Model 1.5 Ton 3 Star Split Inverter Xpandable plus Ambien...,63850,39999,1024,1.5,24 Ratings & 2 Reviews,3.2,Hitachi,3
268,Whirlpool 4 in 1 Convertible Cooling 1.5 Ton 5 Star Split Inverter AC  - White,74700,35799,1325,1.5,"7,673 Ratings & 831 Reviews",4.1,Whirlpool,5
269,Godrej 1.5 Ton Split Inverter AC  - White (Chrome),45900,34099,1325,1.5,,,Godrej,
270,Hitachi Ice Clean Frost Wash Technology 2023 Model 1.8 Ton 4 Star Split Inverter Xpandable plus Ambien...,96450,57999,1096,1.8,24 Ratings & 2 Reviews,3.2,Hitachi,4
271,Hitachi 1.5 Ton 5 Star Split Inverter AC  - White,74100,45389,1385,1.5,,,Hitachi,5
272,CARRIER Convertible 6-in-1 Cooling 2023 Model 2 Ton 5 Star Split AI Flexicool Inverter Dual Filtration...,91690,54999,1500,2,"7,406 Ratings & 741 Reviews",4.1,CARRIER,5
273,Lloyd 1 Ton 3 Star Split Inverter AC  - White,44990,31900,745,1,22 Ratings & 1 Reviews,3.9,Lloyd,3
274,Panasonic 2 Ton 3 Star Hot and Cold Split Inverter AC with Wi-fi Connect  - White,76900,54990,1170,2,304 Ratings & 40 Reviews,4.1,Panasonic,3
275,LG 1.5 Ton 5 Star Split Dual Inverter AC  - White,65990,45520,685,1.5,3 Ratings & 0 Reviews,3.7,LG,5
276,"Blue Star Convertible 4 in 1 Cooling 2023 Model 1.5 Ton 4 Star Split Inverter Multi Sensors, Stabalize...",69500,40990,850,1.5,"13,188 Ratings & 1,434 Reviews",4.2,Blue,4
277,SAMSUNG Convertible 2 Ton 3 Star Split Inverter AC  - White,77990,48999,1145,2,694 Ratings & 63 Reviews,4.2,SAMSUNG,3
278,LG Super Convertible 5-in-1 Cooling 1 Ton 3 Star Split Dual Inverter HD Filter with Anti-Virus Protect...,59990,32990,680,1,"1,066 Ratings & 83 Reviews",4,LG,3
279,"Blue Star Convertible 4 in 1 Cooling 2023 Model 1 Ton 3 Star Split Inverter Multi Sensors, Stabalizer ...",52000,31990,1060,1,38 Ratings & 2 Reviews,4,Blue,3
280,TOSHIBA 1 Ton 3 Star Split AC  - White,38800,30500,1200,1,5 Ratings & 0 Reviews,4,TOSHIBA,3
281,Panasonic Convertible 7-in-1 with Additional AI Mode Cooling 2023 Model 1.5 Ton 5 Star Split Inverter ...,76900,54990,774,1.5,304 Ratings & 40 Reviews,4.1,Panasonic,5
282,Daikin 1.5 Ton 3 Star Window AC  - White,35000,33500,1265,1.5,222 Ratings & 29 Reviews,4.2,Daikin,3
283,Daikin 1 Ton 5 Star Split Inverter AC  - White,55500,39950,940,1,,,Daikin,5
284,Panasonic 2 Ton 3 Star Split Inverter AC with Wi-fi Connect  - White,69400,50990,2090,2,"16,011 Ratings & 1,910 Reviews",4.3,Panasonic,3
285,"Blue Star 1 Ton Portable with Multi Sensors, Self Diagnosis Hydrophilic Gold Fins for Protection AC  -...",39000,36900,1403,1,"3,942 Ratings & 566 Reviews",3.8,Blue,
286,IFB 1.5 Ton 5 Star Split Inverter AC  - White,57640,40999,867,1.5,,,IFB,5
287,MOTOROLA 1.5 Ton 5 Star Split Dual Inverter Smart AC with Wi-fi Connect  - Silver,56549,37990,865,1.5,"1,049 Ratings & 159 Reviews",4.3,MOTOROLA,5
288,Midea 1.5 Ton 5 Star Split Inverter AC with Wi-fi Connect  - White,66990,39499,1380,1.5,9 Ratings & 1 Reviews,4.3,Midea,5
289,SAMSUNG Convertible 5-in-1 Cooling Mode 1.5 Ton 4 Star Split Inverter Anti Bacteria Filter AC  - White,62990,34490,1490,1.5,194 Ratings & 16 Reviews,4.1,SAMSUNG,4
290,CARRIER 1.5 Ton 3 Star Split Inverter AC  - White,,57500,1700,1.5,"2,703 Ratings & 403 Reviews",4.3,CARRIER,3
291,Daikin 1 Ton 5 Star Split Inverter AC  - White,55500,39590,940,1,24 Ratings & 2 Reviews,3.7,Daikin,5
292,Panasonic 1.5 Ton 5 Star Split Inverter AC with Wi-fi Connect  - White,63400,46990,774,1.5,304 Ratings & 40 Reviews,4.1,Panasonic,5
293,SAMSUNG 1.5 Ton 5 Star Split Inverter AC  - White,74990,48190,749,1.5,,,SAMSUNG,5
294,Panasonic 1.5 Ton 3 Star Split AC with Wi-fi Connect  - White,55400,37909,989,1.5,,,Panasonic,3
295,Thomson 4 in 1 Convertible Cooling 1.5 Ton 5 Star Split Inverter With iBreeze Technology AC  - White,48998,33999,1350,1.5,745 Ratings & 164 Reviews,4,Thomson,5
296,"LG 1.5 Ton 3 Star Split Dual Inverter AC  - White, Maroon",53990,43000,1740,1.5,237 Ratings & 36 Reviews,4.3,LG,3
297,Voltas 1.5 Ton 5 Star Split Inverter AC  - White,73990,39990,1450,1.5,"16,559 Ratings & 1,553 Reviews",4.2,Voltas,5
298,Godrej 5-In-1 Convertible Cooling 2023 Model 2 Ton 5 Star Split Inverter with 4-way Air Swing AC AC  -...,69000,49490,916,2,485 Ratings & 53 Reviews,4.2,Godrej,5
299,CARRIER 4 in 1 Convertible Cooling 1.5 Ton 5 Star Split Inverter AC  - White,61990,40999,1500,1.5,"7,818 Ratings & 953 Reviews",4.4,CARRIER,5
300,TOSHIBA 1.8 Ton 5 Star Split Inverter AC  - White,74100,58490,1850,1.8,3 Ratings & 0 Reviews,5,TOSHIBA,5
301,Panasonic 1 Ton 5 Star Split Inverter AC with Wi-fi Connect  - White,54600,39400,523,1,304 Ratings & 40 Reviews,4.1,Panasonic,5
302,ONIDA 1.5 Ton 5 Star Split Inverter AC  - White,62490,39999,1415,1.5,64 Ratings & 6 Reviews,4.5,ONIDA,5
303,TOSHIBA 1.5 Ton 5 Star Split Inverter AC  - White,62000,49000,1570,1.5,1 Ratings & 1 Reviews,1,TOSHIBA,5
304,Midea 1.5 Ton 3 Star Split Inverter AC  - White,59790,35999,1700,1.5,18 Ratings & 0 Reviews,4.1,Midea,3
305,MarQ by Flipkart 1 Ton 3 Star Split AC  - White,36999,26490,741,1,"10,579 Ratings & 1,416 Reviews",4.2,MarQ,3
306,"Haier Frost Self-Clean 2023 Model 1.5 Ton 4 Star Split Inverter Intelli Smart,ï¿½ Intelli Convertible 7-...",69990,36999,1525,1.5,"1,380 Ratings & 167 Reviews",4,Haier,4
307,Daikin 1.5 Ton 3 Star Split Inverter AC with PM 2.5 Filter  - White,58400,36999,1670,1.5,"2,330 Ratings & 227 Reviews",4.2,Daikin,3
308,Thomson 1 Ton 2 Star Split With iBreeze Technology AC  - White,36999,27999,732,1,22 Ratings & 2 Reviews,3.9,Thomson,2
309,IFB 7 Stage Air Treatment 1.5 Ton 3 Star Split Inverter PM 0.3 Filter Silver Series AC  - White,49590,37990,1088,1.5,"2,030 Ratings & 307 Reviews",4.3,IFB,3
310,Voltas 2 Ton 3 Star Split Inverter AC  - White,79990,46990,1220,2,"16,559 Ratings & 1,553 Reviews",4.2,Voltas,3
311,LG 1.5 Ton 3 Star Split Dual Inverter AC  - White,54990,44000,1740,1.5,23 Ratings & 5 Reviews,4.9,LG,3
312,Daikin 2.02 Ton 3 Star Split Inverter AC with PM 2.5 Filter  - White,86800,60350,2410,2.02,5 Ratings & 0 Reviews,4.6,Daikin,3
313,ONIDA 1 Ton 3 Star Split Inverter AC  - White,48990,31999,1090,1,64 Ratings & 6 Reviews,4.5,ONIDA,3
314,Hitachi 1.5 Ton 3 Star Split Inverter AC  - White,61900,38590,1940,1.5,,,Hitachi,3
315,LG 1.5 Ton 5 Star Split Dual Inverter AC with Wi-fi Connect  - White,95990,50990,749,1.5,,,LG,5
316,Panasonic 1.5 Ton 3 Star Split Inverter AC  - White,54400,34790,1870,1.5,,,Panasonic,3
317,LG 1.5 Ton 5 Star Window Dual Inverter AC with Wi-fi Connect  - White,59990,40039,1053,1.5,20 Ratings & 0 Reviews,4.3,LG,5
318,Lloyd 0.8 Ton 3 Star Split Inverter AC  - White,41990,28990,585,0.8,"2,293 Ratings & 443 Reviews",4.3,Lloyd,3
319,MarQ by Flipkart 1.5 Ton 5 Star Split Dual Inverter Smart AC with Wi-fi Connect  - White,56999,35500,1118,1.5,334 Ratings & 39 Reviews,4.4,MarQ,5
320,SAMSUNG Convertible 5-in-1 Cooling 2023 Model 1 Ton 3 Star Split Inverter Wind Free AC with Wi-fi Conn...,53990,35099,624,1,552 Ratings & 53 Reviews,4.1,SAMSUNG,3
321,"Whirlpool 1 Ton 3 Star Split AC  - White, Grey",38000,28990,980,1,"8,140 Ratings & 897 Reviews",4.1,Whirlpool,3
322,LG 1 Ton 3 Star Split Dual Inverter AC  - White,57990,34990,680,1,77 Ratings & 10 Reviews,4.1,LG,3
323,Voltas 0.8 Ton 3 Star Split AC  - White,48990,32800,826,0.8,"3,520 Ratings & 391 Reviews",4.1,Voltas,3
324,SAMSUNG 1 Ton 3 Star Split Inverter AC  - White,40300,36500,1060,1,472 Ratings & 83 Reviews,4.3,SAMSUNG,3
325,Panasonic 2 Ton 3 Star Split Inverter AC  - White,67000,54500,1870,2,25 Ratings & 1 Reviews,4.5,Panasonic,3
326,Panasonic 2 Ton 3 Star Split AC  - White,59100,47500,1710,2,10 Ratings & 0 Reviews,3.6,Panasonic,3
327,SAMSUNG 1.5 Ton 3 Star Split Inverter AC  - White,62990,35690,977,1.5,,,SAMSUNG,3
328,CARRIER 1.5 Ton 3 Star Split Air Filtration with High Density Filter AC  - White,62190,36499,1445,1.5,"1,280 Ratings & 153 Reviews",4.1,CARRIER,3
329,Daikin 1.5 Ton 5 Star Window AC  - White,39800,38490,1133,1.5,176 Ratings & 19 Reviews,4.2,Daikin,5
330,Blue Star 1.5 Ton 3 Star Split Inverter AC  - White,55500,42500,1980,1.5,64 Ratings & 10 Reviews,4.1,Blue,3
331,Hisense 4-in-1 Convertible Cooling 2 Ton 3 Star Split Inverter PM 2.5 Filter AC  - White,64990,44499,1920,2,"1,656 Ratings & 275 Reviews",4.2,Hisense,3
332,LG 1.5 Ton 3 Star Split Dual Inverter AC  - Floral White,55990,43500,1740,1.5,247 Ratings & 43 Reviews,4.3,LG,3
333,"Hitachi 1.5 Ton 3 Star Split AC  - Gold, White",47690,36999,1495,1.5,679 Ratings & 66 Reviews,4,Hitachi,3
334,Blue Star 1.5 Ton 5 Star Split Inverter AC  - White,69000,47500,1400,1.5,18 Ratings & 2 Reviews,4,Blue,5
335,SAMSUNG Super Convertible 6-in-1 Cooling 1.5 Ton 5 Star Split Inverter WINDFREE Technology AC  - White,70990,46990,1350,1.5,"1,058 Ratings & 106 Reviews",4.1,SAMSUNG,5
336,Panasonic 1 Ton 5 Star Split Inverter AC with Wi-fi Connect  - White,50600,37490,990,1,"16,011 Ratings & 1,910 Reviews",4.3,Panasonic,5
337,Voltas 2 in 1 Convertible Cooling 1.6 Ton 5 Star Split Inverter AC  - White,79990,40999,1526,1.6,"16,559 Ratings & 1,553 Reviews",4.2,Voltas,5
338,Voltas 1 Ton 3 Star Split Inverter AC  - White,56990,31490,669,1,15 Ratings & 0 Reviews,3.7,Voltas,3
339,SAMSUNG 1.5 Ton 5 Star Split Inverter AC with Wi-fi Connect  - White,67990,42990,1380,1.5,466 Ratings & 57 Reviews,4.2,SAMSUNG,5
340,Voltas 2 Ton Split Inverter AC  - White,75000,48490,1380,2,,,Voltas,
341,SAMSUNG 1.5 Ton 5 Star Split Inverter AC with Wi-fi Connect  - White,67990,45990,832,1.5,466 Ratings & 57 Reviews,4.2,SAMSUNG,5
342,SAMSUNG 1.5 Ton 3 Star Split Inverter AC with Wi-fi Connect  - White,64990,38990,977,1.5,,,SAMSUNG,3
343,"Haier Frost Self-Clean 2023 Model 1 Ton 3 Star Split Inverter Intelli Convertible 7-in-1, Triple Inver...",60490,34990,1160,1,,,Haier,3
344,ONIDA 1.6 Ton 4 Star Split Inverter AC  - White,61990,42999,1560,1.6,64 Ratings & 6 Reviews,4.5,ONIDA,4
345,Blue Star 1.5 Ton 3 Star Window Inverter AC  - White,45000,34990,1217,1.5,51 Ratings & 6 Reviews,3.8,Blue,3
346,Voltas 1.5 Ton 3 Star Split Inverter AC  - White,59900,37499,1690,1.5,"16,559 Ratings & 1,553 Reviews",4.2,Voltas,3
347,"Hitachi 1.5 Ton 5 Star Split Inverter AC with Wi-fi Connect  - White, Gold",69900,43950,780,1.5,35 Ratings & 4 Reviews,3.7,Hitachi,5
348,Whirlpool 1 Ton 5 Star Split Inverter AC  - White,,51750,920,1,"28,823 Ratings & 3,616 Reviews",4.2,Whirlpool,5
349,SAMSUNG 1.5 Ton 5 Star Split Inverter AC  - White,55990,46890,749,1.5,,,SAMSUNG,5
350,Daikin 1 Ton 5 Star Split Inverter AC  - White,55200,45029,822,1,26 Ratings & 4 Reviews,4.2,Daikin,5
351,Lloyd 1.5 Ton 3 Star Split Inverter AC with Wi-fi Connect  - White,61990,35499,1002,1.5,791 Ratings & 148 Reviews,4.2,Lloyd,3
352,SAMSUNG 1.5 Ton 3 Star Split Inverter AC  - White,46600,39500,1780,1.5,329 Ratings & 44 Reviews,4.2,SAMSUNG,3
353,SAMSUNG 1 Ton 3 Star Split Inverter AC  - White,48200,41000,1180,1,30 Ratings & 7 Reviews,4.8,SAMSUNG,3
354,Hitachi 2 Ton 5 Star Split Inverter AC  - Gold,79000,56999,2070,2,"3,098 Ratings & 314 Reviews",4,Hitachi,5
355,Panasonic 1.5 Ton 5 Star Split Inverter AC with Wi-fi Connect  - White,66000,49990,848,1.5,127 Ratings & 24 Reviews,4.3,Panasonic,5
356,Blue Star 1.5 Ton 5 Star Split Inverter AC  - White,73250,45999,1260,1.5,,,Blue,5
357,LIVPURE 1 Ton 3 Star Split Inverter Smart AC with Wi-fi Connect  - White,38990,37990,1080,1,"2,609 Ratings & 574 Reviews",4.2,LIVPURE,3
358,TOSHIBA 1.5 Ton 3 Star Split AC  - White,49999,35000,1800,1.5,26 Ratings & 4 Reviews,4.2,TOSHIBA,3
359,SAMSUNG 1.5 Ton 3 Star Split Inverter AC with Wi-fi Connect  - White,62990,37490,977,1.5,,,SAMSUNG,3
360,"LG Super Convertible 6-in-1 Cooling 1.5 Ton 5 Star Split Dual Inverter AI, 4 Way Swing, HD Filter with...",75990,43990,818,1.5,"9,269 Ratings & 920 Reviews",4.1,LG,5
361,Lloyd 1.5 Ton 5 Star Split Inverter AC with PM 2.5 Filter  - White,60990,42790,1370,1.5,503 Ratings & 57 Reviews,4.2,Lloyd,5
362,Panasonic 1.5 Ton 3 Star Split Inverter AC  - White,60900,39505,1690,1.5,,,Panasonic,3
363,"Godrej 1.5 Ton 5 Star Split Inverter AC with Wi-fi Connect  - White, Gold",55900,43490,840,1.5,21 Ratings & 1 Reviews,4,Godrej,5
364,Hitachi 1.5 Ton 3 Star Window AC  - White,34490,29999,1277,1.5,814 Ratings & 89 Reviews,3.9,Hitachi,3
365,Blue Star 1.5 Ton 5 Star Window Inverter AC  - White,50999,39499,1082,1.5,51 Ratings & 6 Reviews,3.8,Blue,5
366,IFB 1.6 Ton 3 Star Split Inverter AC  - White,50090,38990,5650,1.6,73 Ratings & 6 Reviews,4.1,IFB,3
367,Blue Star 1.5 Ton 5 Star Split AC  - White,44100,43990,1500,1.5,845 Ratings & 191 Reviews,4.2,Blue,5
368,Godrej 1 Ton 5 Star Split Inverter AC  - White,50000,33900,611,1,42 Ratings & 2 Reviews,4.3,Godrej,5
369,CARRIER 1.5 Ton 3 Star Split Inverter AC  - White,54990,35999,1750,1.5,"1,162 Ratings & 105 Reviews",4.3,CARRIER,3
370,CARRIER 1 Ton 3 Star Window AC  - White,37090,28999,1110,1,84 Ratings & 7 Reviews,4.2,CARRIER,3
371,Midea 1.5 Ton 5 Star Split Inverter AC  - White,58500,34990,1490,1.5,250 Ratings & 34 Reviews,3.9,Midea,5
372,Voltas 1 Ton 3 Star Split Inverter AC  - White,56990,31490,700,1,6 Ratings & 1 Reviews,4.3,Voltas,3
373,Daikin 1.5 Ton 3 Star Split AC  - White,55600,39899,1278,1.5,7 Ratings & 1 Reviews,3.9,Daikin,3
374,Blue Star 1 Ton 5 Star Split Inverter AC  - White,59990,39990,90,1,4 Ratings & 0 Reviews,4.5,Blue,5
375,Haier 1.5 Ton 3 Star Split Inverter AC  - White,65990,35990,1089,1.5,"1,380 Ratings & 167 Reviews",4,Haier,3
376,CANDY 1.5 Ton 3 Star Split Inverter AC  - White,61000,31999,684,1.5,431 Ratings & 83 Reviews,4,CANDY,3
377,CANDY 1.5 Ton 5 Star Split Inverter AC  - White,71000,37990,735,1.5,431 Ratings & 83 Reviews,4,CANDY,5
378,Panasonic Convertible 7-in-1 with Additional AI Mode Cooling 2023 Model 1.5 Ton 4 Star Split Inverter ...,66900,45990,885,1.5,304 Ratings & 40 Reviews,4.1,Panasonic,4
379,Hitachi Ice Clean Frost Wash Technology 2023 Model 1 Ton 3 Star Split Inverter Xpandable plus Ambience...,55050,33999,669,1,24 Ratings & 2 Reviews,3.2,Hitachi,3
380,ONIDA 1.5 Ton 3 Star Split Inverter AC  - White,61990,38490,1570,1.5,64 Ratings & 6 Reviews,4.5,ONIDA,3
381,Hitachi Ice Clean Frost Wash Technology 2023 Model 2 Ton 3 Star Split Inverter Xpandable plus Ambience...,81850,51999,1397,2,24 Ratings & 2 Reviews,3.2,Hitachi,3
382,Panasonic 1.5 Ton 5 Star Split Inverter AC  - White,57500,47000,1350,1.5,153 Ratings & 23 Reviews,4.5,Panasonic,5
383,Hitachi 1.5 Ton 3 Star Split Inverter AC  - White,63850,41900,1940,1.5,,,Hitachi,3
384,Godrej 1.5 Ton 5 Star Split Inverter Convertible 5-in-1 Cooling With Anti-Virus Protection AC  - White...,51900,39490,840,1.5,485 Ratings & 53 Reviews,4.2,Godrej,5
385,Daikin 1.5 Ton 3 Star Split AC with PM 2.5 Filter  - White,55600,40910,1278,1.5,"1,442 Ratings & 155 Reviews",4.1,Daikin,3
386,Daikin 1.5 Ton 5 Star Split Inverter AC  - White,67999,46979,1325,1.5,14 Ratings & 3 Reviews,3.9,Daikin,5
387,Godrej 1.5 Ton 3 Star Window AC  - White,31900,26990,1635,1.5,164 Ratings & 22 Reviews,4,Godrej,3
388,IFB 1.5 Ton 3 Star Split Inverter AC with Wi-fi Connect  - White,49490,36690,1005,1.5,,,IFB,3
389,Blue Star 1 Ton 2 Star Window AC  - White,31000,25490,840,1,950 Ratings & 96 Reviews,4.1,Blue,2
390,Voltas 1.5 Ton 3 Star Split Inverter AC  - White,,51990,1590,1.5,,,Voltas,3
391,Blue Star 1.5 Ton 3 Star Split Inverter AC  - White,61500,35339,1600,1.5,4 Ratings & 0 Reviews,3.5,Blue,3
392,"Hitachi 1.5 Ton 3 Star Split Inverter AC  - White, Gold",57900,36999,1098,1.5,"3,098 Ratings & 314 Reviews",4,Hitachi,3
393,SAMSUNG 1.5 Ton 5 Star Split Inverter AC  - White,61990,44900,1350,1.5,,,SAMSUNG,5
394,Voltas 1.5 Ton 3 Star Split Inverter AC  - White,79990,42880,1045,1.5,,,Voltas,3
395,"ONIDA 1.5 Ton 3 Star Split Inverter Smart AC with Wi-fi Connect  - Silver, White",41990,34999,1600,1.5,960 Ratings & 138 Reviews,4.3,ONIDA,3
396,SAMSUNG windfree 1 Ton 3 Star Split Inverter AC  - White,50990,33990,624,1,"1,058 Ratings & 106 Reviews",4.1,SAMSUNG,3
397,TOSHIBA 1 Ton 5 Star Split Inverter AC  - White,50000,39000,1050,1,3 Ratings & 0 Reviews,3.7,TOSHIBA,5
398,CARRIER Flexicool Convertible 4-in-1 Cooling 1.5 Ton 4 Star Split Inverter Dual Filtration with HD and...,68490,38490,974,1.5,"7,406 Ratings & 741 Reviews",4.1,CARRIER,4
399,Hitachi 1.2 Ton 3 Star Split Inverter AC  - White,44190,34900,1110,1.2,,,Hitachi,3
400,Voltas 1.5 Ton 3 Star Window AC  - White,34899,28240,1649,1.5,"2,586 Ratings & 315 Reviews",4.3,Voltas,3
401,Lloyd 1.5 Ton 4 Star Window AC  - White,38990,28990,1180,1.5,214 Ratings & 36 Reviews,4.2,Lloyd,4
402,"Godrej 2 Ton 5 Star Split Inverter AC  - White, Black",77900,52999,1047,2,9 Ratings & 2 Reviews,3.9,Godrej,5
403,ONIDA 1.5 Ton 3 Star Split Inverter AC  - White,44900,33599,1570,1.5,,,ONIDA,3
404,MarQ by Flipkart Convertible 4-in-1 Cooling 1 Ton 3 Star Split Inverter AC  - White,45999,27490,712,1,779 Ratings & 116 Reviews,4.1,MarQ,3
405,O General 1.5 Ton 5 Star Split Inverter AC  - White,70530,62520,1580,1.5,4 Ratings & 0 Reviews,3.8,O,5
406,Godrej 1 Ton 3 Star Split Inverter AC  - White,42900,29900,752,1,50 Ratings & 3 Reviews,4.2,Godrej,3
407,Panasonic 1.5 Ton 3 Star Split Inverter AC  - White,51500,41500,1630,1.5,56 Ratings & 9 Reviews,4.3,Panasonic,3
408,Hitachi 1.5 Ton 3 Star Split Inverter AC  - Gold,52700,36999,1730,1.5,"3,098 Ratings & 314 Reviews",4,Hitachi,3
409,Godrej 1.5 Ton 3 Star Split Inverter AC  - White,54900,33999,1785,1.5,,,Godrej,3
410,Lloyd 2 Ton 3 Star Split Inverter AC with Wi-fi Connect  - White,73990,46999,1261,2,,,Lloyd,3
411,SAMSUNG Convertible 5-in-1 Cooling Mode 1.5 Ton 3 Star Split Inverter Anti Bacteria Filter AC  - White,57990,33999,1700,1.5,87 Ratings & 4 Reviews,4.4,SAMSUNG,3
412,ONIDA 1.5 Ton 3 Star Split Dual Inverter AC  - White,53490,31499,1820,1.5,"7,529 Ratings & 907 Reviews",4.3,ONIDA,3
413,Hitachi 1.5 Ton 3 Star Split Inverter AC  - White,63100,37999,1940,1.5,,,Hitachi,3
414,IFB 2 Ton 3 Star Split Inverter AC with Wi-fi Connect  - White,62690,47990,1206,2,,,IFB,3
415,Lloyd 1 Ton 3 Star Split Inverter AC with Wi-fi Connect  - White,47990,32999,698,1,258 Ratings & 58 Reviews,4.3,Lloyd,3
416,"LG 1.5 Ton 5 Star Split Dual Inverter AC  - White, Maroon",56990,46500,1440,1.5,237 Ratings & 36 Reviews,4.3,LG,5
417,Panasonic 1.5 Ton 4 Star Split Inverter AC with Wi-fi Connect  - White,69900,52990,1440,1.5,55 Ratings & 8 Reviews,4.2,Panasonic,4
418,O General 2 Ton 5 Star Split Inverter AC  - White,85260,77899,2180,2,,,O,5
419,Voltas 1.5 Ton 5 Star Split Inverter AC  - White,68990,36980,1355,1.5,"4,562 Ratings & 485 Reviews",4.3,Voltas,5
420,LG 2 Ton 3 Star Split Dual Inverter Super Convertible 6-in-1 Cooling HD Filter with Anti-Virus Protect...,85990,53990,1232,2,"5,107 Ratings & 534 Reviews",4.1,LG,3
421,SAMSUNG 1.5 Ton 5 Star Split AC with Wi-fi Connect  - White,72990,44980,1350,1.5,4 Ratings & 1 Reviews,3,SAMSUNG,5
422,Voltas 1.5 Ton 3 Star Split Inverter AC  - White,67990,35690,1017,1.5,6 Ratings & 1 Reviews,4.5,Voltas,3
423,Voltas 2 Ton Split Inverter AC  - White,79990,44290,2017,2,,,Voltas,
424,"realme TechLife 4-in-1 Convertible 1.5 Ton 5 Star Split Inverter , AC  - White",56999,32999,837,1.5,"1,994 Ratings & 303 Reviews",4.1,realme,5
425,MarQ by Flipkart 1.5 Ton 3 Star Split Inverter AC  - White,39200,29990,989,1.5,"4,681 Ratings & 535 Reviews",4.1,MarQ,3
426,Panasonic 1 Ton 5 Star Split Inverter AC with Wi-fi Connect  - White,61400,45990,1000,1,55 Ratings & 8 Reviews,4.2,Panasonic,5
427,TOSHIBA 1.5 Ton 3 Star Split Inverter AC  - White,54300,41500,1660,1.5,22 Ratings & 4 Reviews,3.9,TOSHIBA,3
428,Daikin 1.8 Ton 5 Star Split Inverter AC  - White,75000,61750,1575,1.8,4 Ratings & 0 Reviews,3.5,Daikin,5
429,Daikin 2.02 Ton 3 Star Split Inverter AC with PM 2.5 Filter  - White,86700,63590,2410,2.02,,,Daikin,3
430,Lloyd 1.5 Ton 3 Star Window AC  - White,40990,27490,1215,1.5,"1,162 Ratings & 180 Reviews",4.1,Lloyd,3
431,Panasonic 1 Ton 5 Star Split Inverter AC  - White,45700,35990,588,1,8 Ratings & 2 Reviews,4.8,Panasonic,5
432,Lloyd 1.5 Ton 3 Star Window AC  - White,40990,27490,1215,1.5,"1,162 Ratings & 180 Reviews",4.1,Lloyd,3
433,Daikin 1.8 Ton 5 Star Split Inverter AC  - White,75000,61750,1575,1.8,4 Ratings & 0 Reviews,3.5,Daikin,5
434,Godrej 1.5 Ton 3 Star Split Inverter Convertible 5-in-1 Cooling with Anti-Virus Protection AC  - White...,43900,32499,1046,1.5,"2,237 Ratings & 216 Reviews",4,Godrej,3
435,"Godrej 1 Ton 3 Star Split Inverter With Anti-Virus Protection AC  - White, Gold",36900,29990,752,1,"1,113 Ratings & 114 Reviews",4,Godrej,3
436,SAMSUNG 1 Ton 3 Star Split Inverter AC  - White,50990,31490,624,1,,,SAMSUNG,3
437,LG 1.5 Ton 5 Star Split Dual Inverter AC with Wi-fi Connect  - White,75990,54980,818,1.5,3 Ratings & 0 Reviews,4.7,LG,5
438,Blue Star 1.5 Ton 5 Star Split Inverter AC  - White,51493,42850,1375,1.5,367 Ratings & 44 Reviews,4.3,Blue,5
439,LG 1 Ton 4 Star Split Dual Inverter AC with Wi-fi Connect  - White,59990,42000,604,1,17 Ratings & 3 Reviews,4.6,LG,4
440,ONIDA 1 Ton 5 Star Split Inverter AC  - White,53990,33999,820,1,100 Ratings & 16 Reviews,4.5,ONIDA,5
441,SAMSUNG 1.5 Ton 5 Star Split Inverter AC with Wi-fi Connect  - White,75990,47499,749,1.5,,,SAMSUNG,5
442,Blue Star 1.5 Ton 3 Star Split AC  - White,49500,40999,1450,1.5,"1,483 Ratings & 168 Reviews",4.4,Blue,3
443,Voltas 1.5 Ton 4 Star Split Inverter AC  - White,71990,37449,966,1.5,,,Voltas,4
444,IFB 1.5 Ton 5 Star Split Inverter AC  - White,54390,42990,2590,1.5,254 Ratings & 37 Reviews,4.2,IFB,5
445,Daikin 1.8 Ton 5 Star Split Inverter AC with PM 2.5 Filter with Wi-fi Connect  - White,88900,67100,1575,1.8,,,Daikin,5
446,Lloyd 2 Ton 5 Star Split Inverter AC  - White,79990,53999,1757,2,,,Lloyd,5
447,Blue Star 1.5 Ton 3 Star Split Inverter AC  - White,61500,35339,1600,1.5,4 Ratings & 0 Reviews,3.5,Blue,3
448,Hitachi Ice Clean Frost Wash Technology 2023 Model 1.8 Ton 3 Star Split Inverter Xpandable plus Ambien...,73300,47499,1251,1.8,"1,378 Ratings & 112 Reviews",3.9,Hitachi,3
449,LG 1.5 Ton Window Inverter AC  - White,60999,34554,1251,1.5,9 Ratings & 1 Reviews,4.2,LG,
450,LIVPURE 1.5 Ton 3 Star Split Inverter Smart AC with Wi-fi Connect  - White,44990,36990,1600,1.5,"2,609 Ratings & 574 Reviews",4.2,LIVPURE,3
451,Godrej 1.5 Ton 3 Star Split Inverter AC  - White,58000,39500,1750,1.5,"2,237 Ratings & 216 Reviews",4,Godrej,3
452,Daikin 1.5 Ton 3 Star Split Inverter AC with PM 2.5 Filter  - White,61300,41590,1670,1.5,,,Daikin,3
453,Voltas 2 Ton 3 Star Split Inverter AC  - White,74264,47900,1670,2,39 Ratings & 5 Reviews,4,Voltas,3
454,Hitachi 1.5 Ton 5 Star Split Inverter AC  - White,60500,46999,1540,1.5,,,Hitachi,5
455,Panasonic 1.5 Ton 5 Star Split Inverter AC with Wi-fi Connect  - White,66900,46820,1660,1.5,,,Panasonic,5
456,Blue Star 1.5 Ton 3 Star Window AC  - White,39500,29990,1168,1.5,950 Ratings & 96 Reviews,4.1,Blue,3
457,Panasonic 1.5 Ton 5 Star Window Inverter AC  - White,49900,36210,1086,1.5,3 Ratings & 0 Reviews,3.7,Panasonic,5
458,SAMSUNG 1.5 Ton 5 Star Split Inverter AC  - White,71990,44790,749,1.5,,,SAMSUNG,5
459,Daikin 1.8 Ton 3 Star Split Inverter AC  - White,72900,51099,1950,1.8,,,Daikin,3
460,Daikin 1.5 Ton 5 Star Split Inverter AC  - White,73800,58450,1325,1.5,,,Daikin,5
461,Lloyd 1.5 Ton 5 Star Window AC  - White,54990,35499,1072,1.5,,,Lloyd,5
462,SAMSUNG 1.5 Ton 3 Star Split Inverter AC  - White,62900,56500,1860,1.5,30 Ratings & 7 Reviews,4.8,SAMSUNG,3
463,Blue Star 1.5 Ton 5 Star Split Inverter AC  - White,52900,49300,1295,1.5,121 Ratings & 10 Reviews,4.2,Blue,5
464,LG 1.5 Ton 5 Star Split Dual Inverter AC with Wi-fi Connect  - White,78990,48400,685,1.5,,,LG,5
465,Frigidaire convertible 4-in-1 cooling 1.5 Ton 3 Star Split Inverter AC  - White,57980,30999,1610,1.5,,,Frigidaire,3
466,Blue Star 2 Ton 5 Star Split Inverter AC  - White,80000,59990,555,2,,,Blue,5
467,Intex 1.5 Ton 3 Star Window AC  - White,25000,23500,1680,1.5,7 Ratings & 0 Reviews,3.6,Intex,3
468,Panasonic 1.5 Ton 3 Star Split Inverter AC  - White,55400,38619,1695,1.5,,,Panasonic,3
469,Blue Star 1.5 Ton 3 Star Split Inverter AC  - White,59000,37890,975,1.5,"13,188 Ratings & 1,434 Reviews",4.2,Blue,3
470,Daikin 1.8 Ton 1 Star Split AC  - White,61600,43450,1855,1.8,,,Daikin,1
471,Hitachi 1 Ton 5 Star Split Inverter AC  - White,62600,41500,875,1,,,Hitachi,5
472,Blue Star 1.5 Ton Split Inverter AC  - White,69500,44490,875,1.5,,,Blue,
473,Haier 1.5 Ton Split Triple Inverter AC  - White,65000,36899,875,1.5,,,Haier,
474,IFB 7 Stage Air Treatment 1.5 Ton 3 Star Split Inverter PM 0.3 Filter Gold Series AC  - White,49490,39490,1119,1.5,284 Ratings & 51 Reviews,4.3,IFB,3
475,Haier 1 Ton 3 Star Split Inverter AC  - White,59490,34490,732,1,,,Haier,3
476,Haier 1.2 Ton 3 Star Split Inverter AC  - White,60990,32490,823,1.2,"1,380 Ratings & 167 Reviews",4,Haier,3
477,Voltas 1.5 Ton 3 Star Split AC  - White,51990,38200,1450,1.5,"2,655 Ratings & 227 Reviews",4.1,Voltas,3
478,Voltas 2 Ton 3 Star Split Inverter AC  - White,74999,48950,2050,2,,,Voltas,3
479,Voltas 1.5 Ton 3 Star Split Inverter AC  - White,60190,29980,2050,1.5,"16,559 Ratings & 1,553 Reviews",4.2,Voltas,3
480,Blue Star 2 Ton 5 Star Split Inverter AC  - White,79900,56990,1770,2,23 Ratings & 0 Reviews,4.4,Blue,5
481,"Hitachi 1.8 Ton 3 Star Split Inverter AC  - White, Gold",69600,45999,1236,1.8,405 Ratings & 40 Reviews,3.8,Hitachi,3
482,SAMSUNG 1.5 Ton 5 Star Split Inverter AC  - White,52000,46350,749,1.5,,,SAMSUNG,5
483,LG 1.5 Ton 4 Star Split Dual Inverter AC  - White,71990,43450,838,1.5,,,LG,4
484,Godrej 1.5 Ton 3 Star Split Inverter AC  - White,48900,32219,1785,1.5,,,Godrej,3
485,Godrej 2 Ton 3 Star Split Inverter AC  - White,69900,48990,1785,2,12 Ratings & 0 Reviews,3.5,Godrej,3
486,SAMSUNG 1.5 Ton 3 Star Split Inverter AC  - White,57990,34499,1044,1.5,"24,187 Ratings & 2,404 Reviews",4.2,SAMSUNG,3
487,Lloyd 1.5 Ton 3 Star Split Inverter AC  - White,60990,36990,1835,1.5,4 Ratings & 0 Reviews,3.8,Lloyd,3
488,Panasonic Convertible 7-in-1 with Additional AI Mode Cooling 2023 Model 1.5 Ton 5 Star Split Inverter ...,72900,49990,774,1.5,270 Ratings & 28 Reviews,4.1,Panasonic,5
489,Lloyd 1 Ton 5 Star Split Inverter AC with Wi-fi Connect  - White,57990,39989,678,1,24 Ratings & 2 Reviews,2.5,Lloyd,5
490,Voltas 1.5 Ton 3 Star Split Inverter AC  - White,68990,34790,1550,1.5,3 Ratings & 0 Reviews,2.3,Voltas,3
491,Lloyd 2 Ton 3 Star Split Inverter AC  - White,73990,48390,1263,2,766 Ratings & 82 Reviews,4,Lloyd,3
492,"Hitachi 1.5 Ton 5 Star Split Inverter AC  - White, Gold",60090,49600,1449,1.5,83 Ratings & 7 Reviews,4.1,Hitachi,5
493,Voltas 1.5 Ton 4 Star Split Inverter AC  - White,69990,38599,1540,1.5,"16,559 Ratings & 1,553 Reviews",4.2,Voltas,4
494,MarQ by Flipkart Convertible 4-in-1 Cooling 1.5 Ton 5 Star Split Inverter AC  - White,56999,33499,857,1.5,"1,996 Ratings & 239 Reviews",4,MarQ,5
495,Blue Star 1.5 Ton 3 Star Window AC  - White,39500,31450,1168,1.5,,,Blue,3
496,"Blue Star 1 Ton 3 Star Split Inverter AC  - Silver, White",45000,34500,1122,1,53 Ratings & 5 Reviews,4.4,Blue,3
497,Blue Star Convertible 4 in 1 Cooling 2023 Model 1.5 Ton 5 Star Split Inverter WiFi Inverter AC Multi S...,71750,48700,1345,1.5,,,Blue,5
498,Voltas 2 Ton 2 Star Window AC  - White,50990,34990,1542,2,10 Ratings & 0 Reviews,3.7,Voltas,2
499,"Godrej 1.5 Ton 3 Star Split Inverter AC  - White, Gold",47900,37990,1046,1.5,21 Ratings & 2 Reviews,4.2,Godrej,3
500,CARRIER 2 Ton 3 Star Split Inverter AC  - White,82490,52669,2098,2,,,CARRIER,3
501,Blue Star 1.5 Ton 3 Star Split Inverter AC  - White,52250,35490,1750,1.5,11 Ratings & 1 Reviews,4.6,Blue,3
502,Lloyd 1.2 Ton 3 Star Split Inverter AC  - White,51990,32990,918,1.2,"2,293 Ratings & 443 Reviews",4.3,Lloyd,3
503,Lloyd 1 Ton 3 Star Window AC  - White,33990,29989,808,1,8 Ratings & 1 Reviews,5,Lloyd,3
504,Lloyd 1 Ton 3 Star Window AC  - White,33990,29989,808,1,8 Ratings & 1 Reviews,5,Lloyd,3
505,"CARRIER Flexicool Convertible 4-in-1 Cooling 1.2 Ton 5 Star Split Inverter Auto Cleanser, Dual Filtrat...",64590,38999,1050,1.2,"7,818 Ratings & 953 Reviews",4.4,CARRIER,5
506,Blue Star 1.5 Ton 5 Star Split Inverter AC  - White,66500,48900,1375,1.5,13 Ratings & 2 Reviews,4.2,Blue,5
507,CANDY 1.5 Ton 3 Star Window AC  - White,39000,26990,1180,1.5,4 Ratings & 0 Reviews,5,CANDY,3
508,CARRIER 1 Ton 3 Star Window AC  - White,29845,27000,1120,1,"1,389 Ratings & 177 Reviews",4.3,CARRIER,3
509,Blue Star 1 Ton 3 Star Split Inverter AC  - White,49500,34900,669,1,"2,255 Ratings & 225 Reviews",4.2,Blue,3
510,Haier 1.5 Ton 4 Star Split Inverter AC  - White,65000,37485,1630,1.5,,,Haier,4
511,Lloyd 1.5 Ton 3 Star Split Inverter AC  - White,63990,37680,1043,1.5,,,Lloyd,3
512,Hitachi 1.5 Ton 5 Star Split Inverter Expandable AC  - Gold,60500,43999,1540,1.5,"3,098 Ratings & 314 Reviews",4,Hitachi,5
513,Lloyd 1.5 Ton 3 Star Split Inverter AC  - White,59990,37399,1002,1.5,"2,293 Ratings & 443 Reviews",4.3,Lloyd,3
514,Lloyd 1.25 Ton 3 Star Split Inverter AC  - White,52990,34999,1485,1.25,775 Ratings & 92 Reviews,4.3,Lloyd,3
515,LG 1.5 Ton 5 Star Split Dual Inverter AC  - White,60000,49990,1485,1.5,,,LG,5
516,Daikin 1.8 Ton 3 Star Split Inverter AC  - White,69300,51400,1202,1.8,,,Daikin,3
517,SAMSUNG 2 Ton 3 Star Split Inverter AC with Wi-fi Connect  - White,70990,53190,1145,2,,,SAMSUNG,3
518,Voltas 2 Ton 3 Star Split Inverter AC  - White,75000,48490,2000,2,36 Ratings & 1 Reviews,4,Voltas,3
519,O General 2 Ton 2 Star Window AC  - White,52900,51500,2220,2,,,O,2
520,Panasonic 1.5 Ton 5 Star Split Inverter AC with Wi-fi Connect  - White,54500,44990,848,1.5,8 Ratings & 1 Reviews,3.9,Panasonic,5
521,SAMSUNG 1.5 Ton 3 Star Split Inverter AC  - White,69990,37980,977,1.5,,,SAMSUNG,3
522,Panasonic 1 Ton 3 Star Split AC  - White,48100,32150,915,1,,,Panasonic,3
523,Blue Star 2 Ton 3 Star Split AC  - White,60000,58900,1800,2,34 Ratings & 0 Reviews,4.1,Blue,3
524,Lloyd 1.5 Ton 3 Star Window AC  - White,40990,29190,1621,1.5,4 Ratings & 0 Reviews,4.8,Lloyd,3
525,Daikin 1.8 Ton 3 Star Split Inverter AC  - White,63700,52250,2000,1.8,28 Ratings & 4 Reviews,4,Daikin,3
526,Panasonic Convertible 7-in-1 with Additional AI Mode Cooling 2023 Model Desert Series 2.2 Ton 4 Star S...,87900,69979,1351,2.2,304 Ratings & 40 Reviews,4.1,Panasonic,4
527,Voltas 2 Ton 5 Star Split Inverter AC  - White,85990,57900,1351,2,47 Ratings & 1 Reviews,4.3,Voltas,5
528,"Hitachi 1.5 Ton 5 Star Split Inverter AC  - Gold, White",60500,45190,1540,1.5,,,Hitachi,5
529,"LG 1 Ton 3 Star Split Dual Inverter AC  - White, Maroon",47990,35990,1080,1,237 Ratings & 36 Reviews,4.3,LG,3
530,Panasonic 1.5 Ton 4 Star Split Inverter AC  - White,66990,40999,1455,1.5,,,Panasonic,4
531,Blue Star 1.5 Ton 3 Star Split Inverter AC  - White,58000,42500,1455,1.5,4 Ratings & 1 Reviews,4,Blue,3
532,CARRIER 1.5 Ton 4 Star Window AC  - White,43090,29999,1558,1.5,890 Ratings & 88 Reviews,4.3,CARRIER,4
533,Blue Star 2 Ton 3 Star Window AC  - White,44000,39999,2108,2,"3,006 Ratings & 381 Reviews",4.2,Blue,3
534,VG 1.5 Ton 2 Star Split AC  - White,39000,30990,1123,1.5,,,VG,2
535,IFB 1.5 Ton 3 Star Split Inverter AC  - White,44500,41500,1840,1.5,8 Ratings & 1 Reviews,4.6,IFB,3
536,Blue Star 1.5 Ton 5 Star Split Inverter AC  - White,69500,43890,1456,1.5,40 Ratings & 5 Reviews,3.9,Blue,5
537,Lloyd 1.5 Ton 4 Star Split Inverter AC  - White,59990,38975,972,1.5,5 Ratings & 1 Reviews,4.4,Lloyd,4
538,Haier 1.5 Ton 5 Star Split Inverter AC  - White,65000,45990,1440,1.5,39 Ratings & 2 Reviews,4.1,Haier,5
539,Panasonic 1.5 Ton 3 Star Split Inverter AC with Wi-fi Connect  - White,57900,35999,1660,1.5,,,Panasonic,3
540,Daikin 1.8 Ton 4 Star Split Inverter AC  - White,72900,53199,1950,1.8,13 Ratings & 2 Reviews,3.8,Daikin,4
541,ONIDA 1.5 Ton 3 Star Split Inverter AC  - White,54990,32990,1740,1.5,"3,188 Ratings & 545 Reviews",4.5,ONIDA,3
542,Blue Star 2 Ton 5 Star Split Inverter AC  - White,76000,58999,1770,2,14 Ratings & 3 Reviews,3.9,Blue,5
543,Daikin 1.5 Ton 3 Star Split Inverter with PM 2.5 Filter AC with PM 2.5 Filter  - White,51000,42900,1752,1.5,538 Ratings & 47 Reviews,4.3,Daikin,3
544,Lloyd 1 Ton 3 Star Split Inverter AC  - White,44990,32989,745,1,650 Ratings & 93 Reviews,4.3,Lloyd,3
545,Lloyd 1.5 Ton 5 Star Window AC  - White,45990,33890,114,1.5,12 Ratings & 3 Reviews,3.7,Lloyd,5
546,"LG Convertible 4-in-1 Cooling 1.5 Ton 3 Star Window Dual Inverter HD Filter, Clean Filter Indicator AC...",60990,34549,1114,1.5,871 Ratings & 95 Reviews,4,LG,3
547,LG 1 Ton 3 Star Split Inverter AC  - White,40990,34000,90,1,77 Ratings & 13 Reviews,4.4,LG,3
548,Voltas 2 in 1 Convertible Cooling 1.2 Ton 3 Star Split Inverter Expandable AC  - White,54990,30999,1430,1.2,"16,559 Ratings & 1,553 Reviews",4.2,Voltas,3
549,Whirlpool 1.5 Ton 3 Star Split Inverter AC  - White,65000,42000,2100,1.5,17 Ratings & 2 Reviews,4.3,Whirlpool,3
550,MarQ by Flipkart 1.5 Ton 3 Star Split AC  - White,44999,30999,1093,1.5,"10,579 Ratings & 1,416 Reviews",4.2,MarQ,3
551,"Haier Frost Self-Clean 2023 Model 1.5 Ton 3 Star Split Inverter Intelli Convertible 7-in-1, Cooling at...",66490,36490,1680,1.5,,,Haier,3
552,MarQ by Flipkart 1.5 Ton 3 Star Split AC  - White,44999,30999,1093,1.5,"10,579 Ratings & 1,416 Reviews",4.2,MarQ,3
553,"Haier Frost Self-Clean 2023 Model 1.5 Ton 3 Star Split Inverter Intelli Convertible 7-in-1, Cooling at...",66490,36490,1680,1.5,,,Haier,3
554,Daikin 1 Ton 3 Star Split Inverter with PM 2.5 Filter AC with PM 2.5 Filter  - White,49990,36690,1200,1,14 Ratings & 0 Reviews,3.8,Daikin,3
555,Hitachi 1.5 Ton 3 Star Split Inverter AC  - White,57900,36990,1475,1.5,22 Ratings & 1 Reviews,3.8,Hitachi,3
556,Panasonic 1.5 Ton 3 Star Window Inverter AC  - White,42500,35770,1185,1.5,,,Panasonic,3
557,Panasonic 1.5 Ton 5 Star Split Inverter AC with Wi-fi Connect  - White,54500,44990,1435,1.5,,,Panasonic,5
558,Daikin 1.5 Ton Split Inverter AC  - White,58400,39990,1435,1.5,,,Daikin,
559,Godrej 4-Way Air Swing 1.5 Ton 3 Star Split with Anti-Dust Filter AC  - White,47990,33190,1045,1.5,132 Ratings & 17 Reviews,4.3,Godrej,3
560,Haier 2 Ton 3 Star Split Inverter AC  - White,79990,55600,880,2,,,Haier,3
561,Haier 1.5 Ton Split AC  - White,60990,33999,880,1.5,,,Haier,
562,"Haier UVC Sterilization 2023 Model 1.6 Ton 5 Star Split Inverter Frost Self-clean technology, Superson...",79990,43999,1455,1.6,,,Haier,5
563,Panasonic 1.5 Ton 5 Star Split Inverter AC  - White,67400,49980,1290,1.5,,,Panasonic,5
564,Lloyd 1 Ton 3 Star Split Inverter AC  - White,44490,30999,711,1,,,Lloyd,3
565,Voltas 1.5 Ton 3 Star Split Inverter AC  - White,61000,35300,1690,1.5,"1,972 Ratings & 187 Reviews",4.1,Voltas,3
566,"Blue Star Convertible 4 in 1 Cooling 2023 Model 2 Ton 3 Star Split Inverter Multi Sensors, Stabalizer ...",71750,48890,2025,2,3 Ratings & 0 Reviews,4.7,Blue,3
567,Godrej 2 Ton 3 Star Hot and Cold Split Inverter AC  - White,55990,42990,1201,2,,,Godrej,3
568,Lloyd 2 Ton 5 Star Split Inverter AC with Wi-fi Connect  - White,79990,54490,1810,2,5 Ratings & 0 Reviews,3.4,Lloyd,5
569,LG 1.5 Ton Split Dual Inverter AC  - White,75990,44990,1810,1.5,,,LG,
570,Daikin 1.5 Ton 3 Star Hot and Cold Split Inverter AC  - White,52290,47890,999,1.5,22 Ratings & 2 Reviews,4.4,Daikin,3
571,Godrej 1.5 Ton 3 Star Split AC  - White,42900,38900,1149,1.5,25 Ratings & 3 Reviews,4.4,Godrej,3
572,LG 1.5 Ton 3 Star Split Dual Inverter AC  - White,68990,37499,1600,1.5,18 Ratings & 1 Reviews,3.7,LG,3
573,Voltas 1.5 Ton 3 Star Split Inverter adjustible AC  - White,59990,34990,1036,1.5,20 Ratings & 1 Reviews,4.3,Voltas,3
574,Godrej 5-In-1 Convertible Cooling 1.5 Ton 3 Star Split Inverter Anti-Leak AC  - White,48899,33249,980,1.5,"1,113 Ratings & 114 Reviews",4,Godrej,3
575,Voltas 2 Ton Split Inverter AC  - White,93999,55789,980,2,,,Voltas,
